freq_GHz,target_s11_dB,pred_s11_dB
1.500000000000000000e+00,-1.000000000000000000e+00,-1.082298040390014648e+00
1.504008016032064132e+00,-1.000000000000000000e+00,-1.088165998458862305e+00
1.508016032064128265e+00,-1.000000000000000000e+00,-1.093577027320861816e+00
1.512024048096192397e+00,-1.000000000000000000e+00,-1.098558187484741211e+00
1.516032064128256529e+00,-1.000000000000000000e+00,-1.103128671646118164e+00
1.520040080160320661e+00,-1.000000000000000000e+00,-1.107289791107177734e+00
1.524048096192384794e+00,-1.000000000000000000e+00,-1.111079096794128418e+00
1.528056112224448926e+00,-1.000000000000000000e+00,-1.114504098892211914e+00
1.532064128256513058e+00,-1.000000000000000000e+00,-1.117593050003051758e+00
1.536072144288577190e+00,-1.000000000000000000e+00,-1.120360255241394043e+00
1.540080160320641323e+00,-1.000000000000000000e+00,-1.122835636138916016e+00
1.544088176352705455e+00,-1.000000000000000000e+00,-1.125031113624572754e+00
1.548096192384769365e+00,-1.000000000000000000e+00,-1.126968383789062500e+00
1.552104208416833719e+00,-1.000000000000000000e+00,-1.128680825233459473e+00
1.556112224448897852e+00,-1.000000000000000000e+00,-1.130173325538635254e+00
1.560120240480961984e+00,-1.000000000000000000e+00,-1.131473541259765625e+00
1.564128256513025894e+00,-1.000000000000000000e+00,-1.132608771324157715e+00
1.568136272545090248e+00,-1.000000000000000000e+00,-1.133596301078796387e+00
1.572144288577154381e+00,-1.000000000000000000e+00,-1.134454011917114258e+00
1.576152304609218291e+00,-1.000000000000000000e+00,-1.135205149650573730e+00
1.580160320641282645e+00,-1.000000000000000000e+00,-1.135871171951293945e+00
1.584168336673346777e+00,-1.000000000000000000e+00,-1.136460185050964355e+00
1.588176352705410688e+00,-1.000000000000000000e+00,-1.137001276016235352e+00
1.592184368737474820e+00,-1.000000000000000000e+00,-1.137513399124145508e+00
1.596192384769539174e+00,-1.000000000000000000e+00,-1.138002038002014160e+00
1.600200400801603307e+00,-1.000000000000000000e+00,-1.138491511344909668e+00
1.604208416833667217e+00,-1.000000000000000000e+00,-1.138998985290527344e+00
1.608216432865731571e+00,-1.000000000000000000e+00,-1.139531373977661133e+00
1.612224448897795703e+00,-1.000000000000000000e+00,-1.140104055404663086e+00
1.616232464929859614e+00,-1.000000000000000000e+00,-1.140731692314147949e+00
1.620240480961923746e+00,-1.000000000000000000e+00,-1.141423583030700684e+00
1.624248496993988100e+00,-1.000000000000000000e+00,-1.142193555831909180e+00
1.628256513026052010e+00,-1.000000000000000000e+00,-1.143045067787170410e+00
1.632264529058116143e+00,-1.000000000000000000e+00,-1.143983364105224609e+00
1.636272545090180497e+00,-1.000000000000000000e+00,-1.145031809806823730e+00
1.640280561122244407e+00,-1.000000000000000000e+00,-1.146178960800170898e+00
1.644288577154308539e+00,-1.000000000000000000e+00,-1.147436738014221191e+00
1.648296593186372672e+00,-1.000000000000000000e+00,-1.148812294006347656e+00
1.652304609218437026e+00,-1.000000000000000000e+00,-1.150302290916442871e+00
1.656312625250500936e+00,-1.000000000000000000e+00,-1.151906490325927734e+00
1.660320641282565068e+00,-1.000000000000000000e+00,-1.153634548187255859e+00
1.664328657314629423e+00,-1.000000000000000000e+00,-1.155479431152343750e+00
1.668336673346693555e+00,-1.000000000000000000e+00,-1.157442331314086914e+00
1.672344689378757465e+00,-1.000000000000000000e+00,-1.159525394439697266e+00
1.676352705410821597e+00,-1.000000000000000000e+00,-1.161710619926452637e+00
1.680360721442885952e+00,-1.000000000000000000e+00,-1.164005875587463379e+00
1.684368737474949862e+00,-1.000000000000000000e+00,-1.166409730911254883e+00
1.688376753507013994e+00,-1.000000000000000000e+00,-1.168903946876525879e+00
1.692384769539078126e+00,-1.000000000000000000e+00,-1.171489834785461426e+00
1.696392785571142259e+00,-1.000000000000000000e+00,-1.174154520034790039e+00
1.700400801603206391e+00,-1.000000000000000000e+00,-1.176900744438171387e+00
1.704408817635270523e+00,-1.000000000000000000e+00,-1.179711341857910156e+00
1.708416833667334656e+00,-1.000000000000000000e+00,-1.182570815086364746e+00
1.712424849699398788e+00,-1.000000000000000000e+00,-1.185476899147033691e+00
1.716432865731462920e+00,-1.000000000000000000e+00,-1.188423752784729004e+00
1.720440881763527052e+00,-1.000000000000000000e+00,-1.191387057304382324e+00
1.724448897795591185e+00,-1.000000000000000000e+00,-1.194362163543701172e+00
1.728456913827655317e+00,-1.000000000000000000e+00,-1.197336435317993164e+00
1.732464929859719449e+00,-1.000000000000000000e+00,-1.200299739837646484e+00
1.736472945891783581e+00,-1.000000000000000000e+00,-1.203225612640380859e+00
1.740480961923847714e+00,-1.000000000000000000e+00,-1.206119537353515625e+00
1.744488977955911846e+00,-1.000000000000000000e+00,-1.208950161933898926e+00
1.748496993987975978e+00,-1.000000000000000000e+00,-1.211719989776611328e+00
1.752505010020040110e+00,-1.000000000000000000e+00,-1.214397072792053223e+00
1.756513026052104243e+00,-1.000000000000000000e+00,-1.216976284980773926e+00
1.760521042084168375e+00,-1.000000000000000000e+00,-1.219445347785949707e+00
1.764529058116232285e+00,-1.000000000000000000e+00,-1.221782803535461426e+00
1.768537074148296639e+00,-1.000000000000000000e+00,-1.223978877067565918e+00
1.772545090180360772e+00,-1.000000000000000000e+00,-1.226012945175170898e+00
1.776553106212424682e+00,-1.000000000000000000e+00,-1.227873802185058594e+00
1.780561122244489036e+00,-1.000000000000000000e+00,-1.229542016983032227e+00
1.784569138276553169e+00,-1.000000000000000000e+00,-1.231009483337402344e+00
1.788577154308617079e+00,-1.000000000000000000e+00,-1.232256174087524414e+00
1.792585170340681211e+00,-1.000000000000000000e+00,-1.233269453048706055e+00
1.796593186372745565e+00,-1.000000000000000000e+00,-1.234031915664672852e+00
1.800601202404809476e+00,-1.000000000000000000e+00,-1.234530329704284668e+00
1.804609218436873608e+00,-1.000000000000000000e+00,-1.234752297401428223e+00
1.808617234468937962e+00,-1.000000000000000000e+00,-1.234683156013488770e+00
1.812625250501002094e+00,-1.000000000000000000e+00,-1.234307169914245605e+00
1.816633266533066227e+00,-1.000000000000000000e+00,-1.233618378639221191e+00
1.820641282565130137e+00,-1.000000000000000000e+00,-1.232595205307006836e+00
1.824649298597194491e+00,-1.000000000000000000e+00,-1.231229424476623535e+00
1.828657314629258623e+00,-1.000000000000000000e+00,-1.229504942893981934e+00
1.832665330661322534e+00,-1.000000000000000000e+00,-1.227416515350341797e+00
1.836673346693386888e+00,-1.000000000000000000e+00,-1.224948763847351074e+00
1.840681362725451020e+00,-1.000000000000000000e+00,-1.222096204757690430e+00
1.844689378757514930e+00,-1.000000000000000000e+00,-1.218845367431640625e+00
1.848697394789579063e+00,-1.000000000000000000e+00,-1.215191960334777832e+00
1.852705410821643417e+00,-1.000000000000000000e+00,-1.211125254631042480e+00
1.856713426853707327e+00,-1.000000000000000000e+00,-1.206638216972351074e+00
1.860721442885771459e+00,-1.000000000000000000e+00,-1.201722502708435059e+00
1.864729458917835814e+00,-1.000000000000000000e+00,-1.196376204490661621e+00
1.868737474949899724e+00,-1.000000000000000000e+00,-1.190595626831054688e+00
1.872745490981963856e+00,-1.000000000000000000e+00,-1.184372663497924805e+00
1.876753507014027988e+00,-1.000000000000000000e+00,-1.177708983421325684e+00
1.880761523046092343e+00,-1.000000000000000000e+00,-1.170608162879943848e+00
1.884769539078156253e+00,-1.000000000000000000e+00,-1.163061261177062988e+00
1.888777555110220385e+00,-1.000000000000000000e+00,-1.155072569847106934e+00
1.892785571142284740e+00,-1.000000000000000000e+00,-1.146653294563293457e+00
1.896793587174348872e+00,-1.000000000000000000e+00,-1.137794971466064453e+00
1.900801603206412782e+00,-1.000000000000000000e+00,-1.128510475158691406e+00
1.904809619238476914e+00,-1.000000000000000000e+00,-1.118806123733520508e+00
1.908817635270541269e+00,-1.000000000000000000e+00,-1.108687162399291992e+00
1.912825651302605179e+00,-1.000000000000000000e+00,-1.098162889480590820e+00
1.916833667334669311e+00,-1.000000000000000000e+00,-1.087245345115661621e+00
1.920841683366733443e+00,-1.000000000000000000e+00,-1.075953006744384766e+00
1.924849699398797576e+00,-1.000000000000000000e+00,-1.064295530319213867e+00
1.928857715430861708e+00,-1.000000000000000000e+00,-1.052284717559814453e+00
1.932865731462925840e+00,-1.000000000000000000e+00,-1.039941072463989258e+00
1.936873747494989972e+00,-1.000000000000000000e+00,-1.027281641960144043e+00
1.940881763527054105e+00,-1.000000000000000000e+00,-1.014330506324768066e+00
1.944889779559118237e+00,-1.000000000000000000e+00,-1.001105785369873047e+00
1.948897795591182147e+00,-1.000000000000000222e+00,-9.876321554183959961e-01
1.952905811623246501e+00,-1.000000000000000222e+00,-9.739279150962829590e-01
1.956913827655310634e+00,-1.000000000000000444e+00,-9.600243568420410156e-01
1.960921843687374766e+00,-1.000000000000001110e+00,-9.459403753280639648e-01
1.964929859719438898e+00,-1.000000000000001998e+00,-9.317110776901245117e-01
1.968937875751503030e+00,-1.000000000000003997e+00,-9.173620939254760742e-01
1.972945891783567163e+00,-1.000000000000007772e+00,-9.029226899147033691e-01
1.976953907815631295e+00,-1.000000000000015099e+00,-8.884199857711791992e-01
1.980961923847695427e+00,-1.000000000000028866e+00,-8.738893270492553711e-01
1.984969939879759560e+00,-1.000000000000055067e+00,-8.593612909317016602e-01
1.988977955911823692e+00,-1.000000000000104139e+00,-8.448677659034729004e-01
1.992985971943887602e+00,-1.000000000000195621e+00,-8.304399251937866211e-01
1.996993987975951956e+00,-1.000000000000365707e+00,-8.161162137985229492e-01
2.001002004008016311e+00,-1.000000000000679012e+00,-8.019256591796875000e-01
2.005010020040080221e+00,-1.000000000001253442e+00,-7.879067659378051758e-01
2.009018036072144131e+00,-1.000000000002299050e+00,-7.740876674652099609e-01
2.013026052104208485e+00,-1.000000000004190870e+00,-7.605029344558715820e-01
2.017034068136272396e+00,-1.000000000007592371e+00,-7.471967935562133789e-01
2.021042084168336750e+00,-1.000000000013670398e+00,-7.341964244842529297e-01
2.025050100200400660e+00,-1.000000000024461766e+00,-7.215357422828674316e-01
2.029058116232464570e+00,-1.000000000043502091e+00,-7.092553377151489258e-01
2.033066132264528925e+00,-1.000000000076885831e+00,-6.973814964294433594e-01
2.037074148296593279e+00,-1.000000000135050193e+00,-6.859534978866577148e-01
2.041082164328657189e+00,-1.000000000235752751e+00,-6.750089526176452637e-01
2.045090180360721543e+00,-1.000000000409007272e+00,-6.645789742469787598e-01
2.049098196392785454e+00,-1.000000000705210335e+00,-6.546928882598876953e-01
2.053106212424849808e+00,-1.000000001208423805e+00,-6.453945636749267578e-01
2.057114228456914162e+00,-1.000000002057940929e+00,-6.367117762565612793e-01
2.061122244488978072e+00,-1.000000003483048738e+00,-6.286788582801818848e-01
2.065130260521041983e+00,-1.000000005858672658e+00,-6.213328242301940918e-01
2.069138276553106337e+00,-1.000000009793816202e+00,-6.147032380104064941e-01
2.073146292585170247e+00,-1.000000016271129333e+00,-6.088244318962097168e-01
2.077154308617234602e+00,-1.000000026865595970e+00,-6.037314534187316895e-01
2.081162324649298512e+00,-1.000000044084740747e+00,-5.994657874107360840e-01
2.085170340681362422e+00,-1.000000071894080689e+00,-5.960483551025390625e-01
2.089178356713426776e+00,-1.000000116522826277e+00,-5.935146808624267578e-01
2.093186372745491131e+00,-1.000000187690338160e+00,-5.919094681739807129e-01
2.097194388777555041e+00,-1.000000300459441549e+00,-5.912622213363647461e-01
2.101202404809619395e+00,-1.000000478016432659e+00,-5.916074514389038086e-01
2.105210420841683305e+00,-1.000000755810339648e+00,-5.929864048957824707e-01
2.109218436873747216e+00,-1.000001187670208846e+00,-5.954318046569824219e-01
2.113226452905811570e+00,-1.000001854777968546e+00,-5.989815592765808105e-01
2.117234468937875924e+00,-1.000002878730612332e+00,-6.036770939826965332e-01
2.121242484969939834e+00,-1.000004440410850792e+00,-6.095579862594604492e-01
2.125250501002004189e+00,-1.000006807040211054e+00,-6.166672706604003906e-01
2.129258517034068099e+00,-1.000010370662685055e+00,-6.250523924827575684e-01
2.133266533066132453e+00,-1.000015702461344747e+00,-6.347526311874389648e-01
2.137274549098196363e+00,-1.000023628817551691e+00,-6.458195447921752930e-01
2.141282565130260274e+00,-1.000035336967463051e+00,-6.583049297332763672e-01
2.145290581162324628e+00,-1.000052520589979510e+00,-6.722564101219177246e-01
2.149298597194388982e+00,-1.000077578780262710e+00,-6.877398490905761719e-01
2.153306613226452892e+00,-1.000113885735230967e+00,-7.048044204711914062e-01
2.157314629258517247e+00,-1.000166153213186249e+00,-7.235297560691833496e-01
2.161322645290581157e+00,-1.000240913529661047e+00,-7.439739108085632324e-01
2.165330661322645067e+00,-1.000347157592952785e+00,-7.662128806114196777e-01
2.169338677354709422e+00,-1.000497170301453576e+00,-7.903385162353515625e-01
2.173346693386773776e+00,-1.000707614493127728e+00,-8.164216279983520508e-01
2.177354709418837686e+00,-1.001000924436973305e+00,-8.445761203765869141e-01
2.181362725450902040e+00,-1.001407080346816469e+00,-8.748878240585327148e-01
2.185370741482965951e+00,-1.001965846182845121e+00,-9.074808359146118164e-01
2.189378757515029861e+00,-1.002729563497413379e+00,-9.424883723258972168e-01
2.193386773547094215e+00,-1.003766603464361973e+00,-9.800354242324829102e-01
2.197394789579158125e+00,-1.005165586436405079e+00,-1.020277261734008789e+00
2.201402805611222480e+00,-1.007040482061455577e+00,-1.063377261161804199e+00
2.205410821643286834e+00,-1.009536701540577175e+00,-1.109525918960571289e+00
2.209418837675350744e+00,-1.012838285159843199e+00,-1.158915996551513672e+00
2.213426853707414654e+00,-1.017176270707817798e+00,-1.211774587631225586e+00
2.217434869739479009e+00,-1.022838299620632219e+00,-1.268346190452575684e+00
2.221442885771542919e+00,-1.030179475518769650e+00,-1.328899979591369629e+00
2.225450901803606829e+00,-1.039634432251951290e+00,-1.393735647201538086e+00
2.229458917835671627e+00,-1.051730494108614744e+00,-1.463179826736450195e+00
2.233466933867735538e+00,-1.067101718614735795e+00,-1.537587642669677734e+00
2.237474949899799448e+00,-1.086503502459314596e+00,-1.617355585098266602e+00
2.241482965931863802e+00,-1.110827304939134841e+00,-1.702916741371154785e+00
2.245490981963927712e+00,-1.141114903890855681e+00,-1.794727325439453125e+00
2.249498997995991623e+00,-1.178571451185031371e+00,-1.893311738967895508e+00
2.253507014028055977e+00,-1.224576445318275031e+00,-1.999202489852905273e+00
2.257515030060119887e+00,-1.280691596356826167e+00,-2.113007545471191406e+00
2.261523046092184686e+00,-1.348664434341856344e+00,-2.235356092453002930e+00
2.265531062124248596e+00,-1.430426418850601511e+00,-2.366911888122558594e+00
2.269539078156312506e+00,-1.528084258508656479e+00,-2.508399009704589844e+00
2.273547094188376860e+00,-1.643903159127013236e+00,-2.660566568374633789e+00
2.277555110220440771e+00,-1.780280801571468619e+00,-2.824180603027343750e+00
2.281563126252505125e+00,-1.939711017597887333e+00,-3.000053167343139648e+00
2.285571142284569479e+00,-2.124736392905010263e+00,-3.188999176025390625e+00
2.289579158316633389e+00,-2.337889386472032704e+00,-3.391824960708618164e+00
2.293587174348697744e+00,-2.581622013146578354e+00,-3.609338283538818359e+00
2.297595190380761654e+00,-2.858224684953958317e+00,-3.842328071594238281e+00
2.301603206412825564e+00,-3.169735430623406458e+00,-4.091518402099609375e+00
2.305611222444889918e+00,-3.517841389264325436e+00,-4.357572078704833984e+00
2.309619238476953829e+00,-3.903775172020630624e+00,-4.641093254089355469e+00
2.313627254509017739e+00,-4.328209366884570919e+00,-4.942544937133789062e+00
2.317635270541082537e+00,-4.791153083155750281e+00,-5.262293815612792969e+00
2.321643286573146447e+00,-5.291854946503423029e+00,-5.600554943084716797e+00
2.325651302605210358e+00,-5.828717316026786222e+00,-5.957386016845703125e+00
2.329659318637274712e+00,-6.399226656834636984e+00,-6.332735538482666016e+00
2.333667334669338622e+00,-6.999904927789253328e+00,-6.726305961608886719e+00
2.337675350701402532e+00,-7.626286506672111720e+00,-7.137800216674804688e+00
2.341683366733466887e+00,-8.272924560190675791e+00,-7.566728591918945312e+00
2.345691382765531241e+00,-8.933429876298863093e+00,-8.012618064880371094e+00
2.349699398797595151e+00,-9.600544031666705891e+00,-8.475047111511230469e+00
2.353707414829659506e+00,-1.026624740692807869e+01,-8.953767776489257812e+00
2.357715430861723416e+00,-1.092190104360691549e+01,-9.448788642883300781e+00
2.361723446893787326e+00,-1.155841973212773688e+01,-9.960497856140136719e+00
2.365731462925851680e+00,-1.216647211485177316e+01,-1.048983955383300781e+01
2.369739478957915590e+00,-1.273670207361930906e+01,-1.103823184967041016e+01
2.373747494989979945e+00,-1.325996434107248056e+01,-1.160745239257812500e+01
2.377755511022044299e+00,-1.372756621723497972e+01,-1.219929504394531250e+01
2.381763527054108209e+00,-1.413150656402240557e+01,-1.281457519531250000e+01
2.385771543086172120e+00,-1.446470294953833857e+01,-1.345138454437255859e+01
2.389779559118236474e+00,-1.472119795758198890e+01,-1.410206890106201172e+01
2.393787575150300384e+00,-1.489633627596300336e+01,-1.474812889099121094e+01
2.397795591182364294e+00,-1.498690521223990046e+01,-1.535344982147216797e+01
2.401803607214429093e+00,-1.499123271190476636e+01,-1.585744667053222656e+01
2.405811623246493003e+00,-1.490923870096107429e+01,-1.617575836181640625e+01
2.409819639278556913e+00,-1.474243755026530955e+01,-1.622045326232910156e+01
2.413827655310621267e+00,-1.449389155567145693e+01,-1.594019031524658203e+01
2.417835671342685178e+00,-1.416811743053171924e+01,-1.535309600830078125e+01
2.421843687374749532e+00,-1.377094979967450250e+01,-1.453736209869384766e+01
2.425851703406813442e+00,-1.330936745819870382e+01,-1.359068393707275391e+01
2.429859719438877796e+00,-1.279128962045717444e+01,-1.259562683105468750e+01
2.433867735470942151e+00,-1.222535046125431712e+01,-1.160835456848144531e+01
2.437875751503006061e+00,-1.162066089439957217e+01,-1.066193580627441406e+01
2.441883767535070415e+00,-1.098656672278434954e+01,-9.773338317871093750e+00
2.445891783567134325e+00,-1.033241203654425888e+01,-8.949738502502441406e+00
2.449899799599198236e+00,-9.667316065541804448e+00,-8.192725181579589844e+00
2.453907815631262590e+00,-8.999970666310778356e+00,-7.500722408294677734e+00
2.457915831663326944e+00,-8.338464316810057397e+00,-6.870598316192626953e+00
2.461923847695390855e+00,-7.690136992133813187e+00,-6.298536777496337891e+00
2.465931863727455209e+00,-7.061468693756440373e+00,-5.780338287353515625e+00
2.469939879759519119e+00,-6.458002796320821304e+00,-5.311879158020019531e+00
2.473947895791583029e+00,-5.884303845165723246e+00,-4.889151096343994141e+00
2.477955911823647384e+00,-5.343948058884461894e+00,-4.508366584777832031e+00
2.481963927855711294e+00,-4.839543622943956791e+00,-4.165940284729003906e+00
2.485971943887775204e+00,-4.372776943749316914e+00,-3.858569145202636719e+00
2.489979959919840002e+00,-3.944480389799569497e+00,-3.583121538162231445e+00
2.493987975951903913e+00,-3.554716681824789060e+00,-3.336723327636718750e+00
2.497995991983967823e+00,-3.202874994602376457e+00,-3.116701841354370117e+00
2.502004008016032177e+00,-2.887773973238441538e+00,-2.920537948608398438e+00
2.506012024048096087e+00,-2.607767209214612247e+00,-2.745904445648193359e+00
2.510020040080159998e+00,-2.360847222673356338e+00,-2.590656042098999023e+00
2.514028056112224796e+00,-2.144744610173956012e+00,-2.452780961990356445e+00
2.518036072144288706e+00,-1.957019694530394816e+00,-2.330420494079589844e+00
2.522044088176352616e+00,-1.795144711397436588e+00,-2.221877336502075195e+00
2.526052104208416971e+00,-1.656575247374691751e+00,-2.125565767288208008e+00
2.530060120240480881e+00,-1.538810274834811587e+00,-2.040056943893432617e+00
2.534068136272544791e+00,-1.439440685549756793e+00,-1.964040398597717285e+00
2.538076152304609145e+00,-1.356186692605410249e+00,-1.896324038505554199e+00
2.542084168336673056e+00,-1.286924839853053948e+00,-1.835834503173828125e+00
2.546092184368737410e+00,-1.229705628906721859e+00,-1.781611561775207520e+00
2.550100200400801764e+00,-1.182762949856963175e+00,-1.732781529426574707e+00
2.554108216432865675e+00,-1.144516592265732324e+00,-1.688590645790100098e+00
2.558116232464929585e+00,-1.113569129539243141e+00,-1.648351550102233887e+00
2.562124248496993939e+00,-1.088698426112087336e+00,-1.611466884613037109e+00
2.566132264529057849e+00,-1.068846927276796643e+00,-1.577412962913513184e+00
2.570140280561122204e+00,-1.053108769831800462e+00,-1.545735001564025879e+00
2.574148296593186558e+00,-1.040715610731019591e+00,-1.516045451164245605e+00
2.578156312625250912e+00,-1.031021921670880026e+00,-1.487997531890869141e+00
2.582164328657314378e+00,-1.023490349151402246e+00,-1.461303353309631348e+00
2.586172344689378733e+00,-1.017677599027816182e+00,-1.435711503028869629e+00
2.590180360721443087e+00,-1.013221176934158585e+00,-1.411026835441589355e+00
2.594188376753506553e+00,-1.009827204360314701e+00,-1.387067914009094238e+00
2.598196392785570907e+00,-1.007259436142734055e+00,-1.363701343536376953e+00
2.602204408817635706e+00,-1.005329528916912851e+00,-1.340805888175964355e+00
2.606212424849699616e+00,-1.003888550901104182e+00,-1.318289995193481445e+00
2.610220440881763526e+00,-1.002819679749136439e+00,-1.296090126037597656e+00
2.614228456913827880e+00,-1.002032005195094611e+00,-1.274142861366271973e+00
2.618236472945891791e+00,-1.001455334666038866e+00,-1.252404570579528809e+00
2.622244488977955701e+00,-1.001035890777232540e+00,-1.230848312377929688e+00
2.626252505010020055e+00,-1.000732787563811454e+00,-1.209460735321044922e+00
2.630260521042084410e+00,-1.000515175552822544e+00,-1.188233971595764160e+00
2.634268537074148320e+00,-1.000359952697905452e+00,-1.167153358459472656e+00
2.638276553106212674e+00,-1.000249947416373075e+00,-1.146228075027465820e+00
2.642284569138276584e+00,-1.000172490389384716e+00,-1.125471830368041992e+00
2.646292585170340494e+00,-1.000118302571521456e+00,-1.104892849922180176e+00
2.650300601202404849e+00,-1.000080637396773220e+00,-1.084501504898071289e+00
2.654308617234468759e+00,-1.000054625049646040e+00,-1.064318776130676270e+00
2.658316633266533113e+00,-1.000036775638536435e+00,-1.044358730316162109e+00
2.662324649298597468e+00,-1.000024606034652042e+00,-1.024646520614624023e+00
2.666332665330661378e+00,-1.000016361988087299e+00,-1.005199074745178223e+00
2.670340681362725288e+00,-1.000010812933814108e+00,-9.860336184501647949e-01
2.674348697394789642e+00,-1.000007101728235037e+00,-9.671758413314819336e-01
2.678356713426853553e+00,-1.000004635510668205e+00,-9.486466050148010254e-01
2.682364729458917463e+00,-1.000003007074255823e+00,-9.304621815681457520e-01
2.686372745490982261e+00,-1.000001938669384360e+00,-9.126395583152770996e-01
2.690380761523046171e+00,-1.000001242156690839e+00,-8.951982259750366211e-01
2.694388777555110082e+00,-1.000000790973704312e+00,-8.781613111495971680e-01
2.698396793587174436e+00,-1.000000500565299877e+00,-8.615357875823974609e-01
2.702404809619238346e+00,-1.000000314827359071e+00,-8.453372716903686523e-01
2.706412825651302256e+00,-1.000000196787371287e+00,-8.295837640762329102e-01
2.710420841683366611e+00,-1.000000122246100354e+00,-8.142851591110229492e-01
2.714428857715431409e+00,-1.000000075471995986e+00,-7.994515895843505859e-01
2.718436873747494875e+00,-1.000000046307324419e+00,-7.850944399833679199e-01
2.722444889779559229e+00,-1.000000028237521432e+00,-7.712141275405883789e-01
2.726452905811623584e+00,-1.000000017112619322e+00,-7.578282356262207031e-01
2.730460921843687050e+00,-1.000000010306695275e+00,-7.449328303337097168e-01
2.734468937875751404e+00,-1.000000006169293298e+00,-7.325347661972045898e-01
2.738476953907815759e+00,-1.000000003669986093e+00,-7.206487059593200684e-01
2.742484969939879225e+00,-1.000000002169733948e+00,-7.092570066452026367e-01
2.746492985971944023e+00,-1.000000001274857109e+00,-6.983678340911865234e-01
2.750501002004008377e+00,-1.000000000744439843e+00,-6.879881024360656738e-01
2.754509018036072288e+00,-1.000000000432026859e+00,-6.781100630760192871e-01
2.758517034068136198e+00,-1.000000000249175347e+00,-6.687319278717041016e-01
2.762525050100200552e+00,-1.000000000142827528e+00,-6.598465442657470703e-01
2.766533066132264462e+00,-1.000000000081364027e+00,-6.514567136764526367e-01
2.770541082164328373e+00,-1.000000000046064486e+00,-6.435534358024597168e-01
2.774549098196393171e+00,-1.000000000025918601e+00,-6.361358761787414551e-01
2.778557114228457081e+00,-1.000000000014493517e+00,-6.291925907135009766e-01
2.782565130260520991e+00,-1.000000000008054668e+00,-6.227254867553710938e-01
2.786573146292585346e+00,-1.000000000004448664e+00,-6.167227625846862793e-01
2.790581162324649256e+00,-1.000000000002441825e+00,-6.111742258071899414e-01
2.794589178356713166e+00,-1.000000000001332046e+00,-6.060771346092224121e-01
2.798597194388777520e+00,-1.000000000000722311e+00,-6.014308333396911621e-01
2.802605210420841875e+00,-1.000000000000389244e+00,-5.972145795822143555e-01
2.806613226452905785e+00,-1.000000000000208278e+00,-5.934303998947143555e-01
2.810621242484970139e+00,-1.000000000000110800e+00,-5.900679826736450195e-01
2.814629258517034049e+00,-1.000000000000058620e+00,-5.871172547340393066e-01
2.818637274549097960e+00,-1.000000000000030864e+00,-5.845756530761718750e-01
2.822645290581162314e+00,-1.000000000000016209e+00,-5.824267864227294922e-01
2.826653306613226224e+00,-1.000000000000008438e+00,-5.806708931922912598e-01
2.830661322645290578e+00,-1.000000000000004219e+00,-5.793004631996154785e-01
2.834669338677354933e+00,-1.000000000000002220e+00,-5.783016085624694824e-01
2.838677354709418843e+00,-1.000000000000001110e+00,-5.776741504669189453e-01
2.842685370741482753e+00,-1.000000000000000666e+00,-5.774085521697998047e-01
2.846693386773547108e+00,-1.000000000000000222e+00,-5.774887800216674805e-01
2.850701402805611018e+00,-1.000000000000000222e+00,-5.779147744178771973e-01
2.854709418837674928e+00,-1.000000000000000000e+00,-5.786823034286499023e-01
2.858717434869739726e+00,-1.000000000000000000e+00,-5.797770023345947266e-01
2.862725450901803637e+00,-1.000000000000000000e+00,-5.811939835548400879e-01
2.866733466933867547e+00,-1.000000000000000000e+00,-5.829217433929443359e-01
2.870741482965931901e+00,-1.000000000000000000e+00,-5.849611163139343262e-01
2.874749498997996255e+00,-1.000000000000000000e+00,-5.872956514358520508e-01
2.878757515030059722e+00,-1.000000000000000000e+00,-5.899194478988647461e-01
2.882765531062124076e+00,-1.000000000000000000e+00,-5.928284525871276855e-01
2.886773547094188874e+00,-1.000000000000000000e+00,-5.960050821304321289e-01
2.890781563126252340e+00,-1.000000000000000000e+00,-5.994458198547363281e-01
2.894789579158316695e+00,-1.000000000000000000e+00,-6.031460165977478027e-01
2.898797595190381049e+00,-1.000000000000000000e+00,-6.070909500122070312e-01
2.902805611222444515e+00,-1.000000000000000000e+00,-6.112686991691589355e-01
2.906813627254508869e+00,-1.000000000000000000e+00,-6.156746149063110352e-01
2.910821643286573224e+00,-1.000000000000000000e+00,-6.202979683876037598e-01
2.914829659318637578e+00,-1.000000000000000000e+00,-6.251202821731567383e-01
2.918837675350701488e+00,-1.000000000000000000e+00,-6.301400065422058105e-01
2.922845691382765843e+00,-1.000000000000000000e+00,-6.353409290313720703e-01
2.926853707414829753e+00,-1.000000000000000000e+00,-6.407144069671630859e-01
2.930861723446893663e+00,-1.000000000000000000e+00,-6.462451219558715820e-01
2.934869739478958017e+00,-1.000000000000000000e+00,-6.519227623939514160e-01
2.938877755511021928e+00,-1.000000000000000000e+00,-6.577330231666564941e-01
2.942885771543085838e+00,-1.000000000000000000e+00,-6.636652350425720215e-01
2.946893787575150636e+00,-1.000000000000000000e+00,-6.697037220001220703e-01
2.950901803607214546e+00,-1.000000000000000000e+00,-6.758377552032470703e-01
2.954909819639278457e+00,-1.000000000000000000e+00,-6.820482611656188965e-01
2.958917835671342811e+00,-1.000000000000000000e+00,-6.883261203765869141e-01
2.962925851703406721e+00,-1.000000000000000000e+00,-6.946594119071960449e-01
2.966933867735470631e+00,-1.000000000000000000e+00,-7.010259628295898438e-01
2.970941883767535430e+00,-1.000000000000000000e+00,-7.074185609817504883e-01
2.974949899799599340e+00,-1.000000000000000000e+00,-7.138237357139587402e-01
2.978957915831663250e+00,-1.000000000000000000e+00,-7.202184200286865234e-01
2.982965931863727604e+00,-1.000000000000000000e+00,-7.265952825546264648e-01
2.986973947895791515e+00,-1.000000000000000000e+00,-7.329493165016174316e-01
2.990981963927855425e+00,-1.000000000000000000e+00,-7.392532229423522949e-01
2.994989979959919779e+00,-1.000000000000000000e+00,-7.454980015754699707e-01
2.998997995991983689e+00,-1.000000000000000000e+00,-7.516750693321228027e-01
3.003006012024048044e+00,-1.000000000000000000e+00,-7.577694654464721680e-01
3.007014028056112398e+00,-1.000000000000000000e+00,-7.637686729431152344e-01
3.011022044088176308e+00,-1.000000000000000000e+00,-7.696628570556640625e-01
3.015030060120240218e+00,-1.000000000000000000e+00,-7.754433155059814453e-01
3.019038076152304573e+00,-1.000000000000000000e+00,-7.810956239700317383e-01
3.023046092184368927e+00,-1.000000000000000000e+00,-7.866161465644836426e-01
3.027054108216432393e+00,-1.000000000000000000e+00,-7.919932603836059570e-01
3.031062124248497192e+00,-1.000000000000000000e+00,-7.972233295440673828e-01
3.035070140280561546e+00,-1.000000000000000000e+00,-8.022993206977844238e-01
3.039078156312625012e+00,-1.000000000000000000e+00,-8.072134256362915039e-01
3.043086172344689366e+00,-1.000000000000000000e+00,-8.119665980339050293e-01
3.047094188376753721e+00,-1.000000000000000000e+00,-8.165422081947326660e-01
3.051102204408817187e+00,-1.000000000000000000e+00,-8.209488391876220703e-01
3.055110220440881541e+00,-1.000000000000000000e+00,-8.251829147338867188e-01
3.059118236472946339e+00,-1.000000000000000000e+00,-8.292397260665893555e-01
3.063126252505010250e+00,-1.000000000000000000e+00,-8.331217765808105469e-01
3.067134268537074160e+00,-1.000000000000000000e+00,-8.368327617645263672e-01
3.071142284569138514e+00,-1.000000000000000000e+00,-8.403673768043518066e-01
3.075150300601202424e+00,-1.000000000000000000e+00,-8.437328934669494629e-01
3.079158316633266335e+00,-1.000000000000000000e+00,-8.469307422637939453e-01
3.083166332665330689e+00,-1.000000000000000000e+00,-8.499601483345031738e-01
3.087174348697395043e+00,-1.000000000000000000e+00,-8.528394103050231934e-01
3.091182364729458953e+00,-1.000000000000000000e+00,-8.555588722229003906e-01
3.095190380761523308e+00,-1.000000000000000000e+00,-8.581330776214599609e-01
3.099198396793587218e+00,-1.000000000000000000e+00,-8.605661988258361816e-01
3.103206412825651128e+00,-1.000000000000000000e+00,-8.628673553466796875e-01
3.107214428857715482e+00,-1.000000000000000000e+00,-8.650421500205993652e-01
3.111222444889779393e+00,-1.000000000000000000e+00,-8.670938611030578613e-01
3.115230460921843747e+00,-1.000000000000000000e+00,-8.690386414527893066e-01
3.119238476953908101e+00,-1.000000000000000000e+00,-8.708864450454711914e-01
3.123246492985972012e+00,-1.000000000000000000e+00,-8.726378679275512695e-01
3.127254509018035922e+00,-1.000000000000000000e+00,-8.743136525154113770e-01
3.131262525050100276e+00,-1.000000000000000000e+00,-8.759174346923828125e-01
3.135270541082164186e+00,-1.000000000000000000e+00,-8.774573802947998047e-01
3.139278557114228096e+00,-1.000000000000000000e+00,-8.789461851119995117e-01
3.143286573146292895e+00,-1.000000000000000000e+00,-8.803984522819519043e-01
3.147294589178356805e+00,-1.000000000000000000e+00,-8.818188309669494629e-01
3.151302605210420715e+00,-1.000000000000000000e+00,-8.832218647003173828e-01
3.155310621242485070e+00,-1.000000000000000000e+00,-8.846215009689331055e-01
3.159318637274548980e+00,-1.000000000000000000e+00,-8.860254287719726562e-01
3.163326653306612890e+00,-1.000000000000000000e+00,-8.874439597129821777e-01
3.167334669338677244e+00,-1.000000000000000000e+00,-8.888925313949584961e-01
3.171342685370741155e+00,-1.000000000000000000e+00,-8.903797864913940430e-01
3.175350701402805509e+00,-1.000000000000000000e+00,-8.919206261634826660e-01
3.179358717434869863e+00,-1.000000000000000000e+00,-8.935219645500183105e-01
3.183366733466934217e+00,-1.000000000000000000e+00,-8.952039480209350586e-01
3.187374749498997684e+00,-1.000000000000000000e+00,-8.969689011573791504e-01
3.191382765531062038e+00,-1.000000000000000000e+00,-8.988376855850219727e-01
3.195390781563126392e+00,-1.000000000000000000e+00,-9.008130431175231934e-01
3.199398797595189858e+00,-1.000000000000000000e+00,-9.029129147529602051e-01
3.203406813627254657e+00,-1.000000000000000000e+00,-9.051523208618164062e-01
3.207414829659319011e+00,-1.000000000000000000e+00,-9.075378179550170898e-01
3.211422845691382477e+00,-1.000000000000000000e+00,-9.100831151008605957e-01
3.215430861723446831e+00,-1.000000000000000000e+00,-9.127998948097229004e-01
3.219438877755511186e+00,-1.000000000000000000e+00,-9.157006740570068359e-01
3.223446893787575096e+00,-1.000000000000000000e+00,-9.187955260276794434e-01
3.227454909819639006e+00,-1.000000000000000000e+00,-9.221017956733703613e-01
3.231462925851703805e+00,-1.000000000000000000e+00,-9.256258010864257812e-01
3.235470941883767715e+00,-1.000000000000000000e+00,-9.293847084045410156e-01
3.239478957915831625e+00,-1.000000000000000000e+00,-9.333813786506652832e-01
3.243486973947895979e+00,-1.000000000000000000e+00,-9.376361370086669922e-01
3.247494989979959890e+00,-1.000000000000000000e+00,-9.421577453613281250e-01
3.251503006012023800e+00,-1.000000000000000000e+00,-9.469577074050903320e-01
3.255511022044088154e+00,-1.000000000000000000e+00,-9.520525336265563965e-01
3.259519038076152508e+00,-1.000000000000000000e+00,-9.574476480484008789e-01
3.263527054108216419e+00,-1.000000000000000000e+00,-9.631519317626953125e-01
3.267535070140280773e+00,-1.000000000000000000e+00,-9.691801071166992188e-01
3.271543086172344683e+00,-1.000000000000000000e+00,-9.755455851554870605e-01
3.275551102204408593e+00,-1.000000000000000000e+00,-9.822628498077392578e-01
3.279559118236472948e+00,-1.000000000000000000e+00,-9.893324375152587891e-01
3.283567134268536858e+00,-1.000000000000000000e+00,-9.967798590660095215e-01
3.287575150300601212e+00,-1.000000000000000000e+00,-1.004598736763000488e+00
3.291583166332665567e+00,-1.000000000000000000e+00,-1.012812018394470215e+00
3.295591182364729477e+00,-1.000000000000000000e+00,-1.021427869796752930e+00
3.299599198396793387e+00,-1.000000000000000000e+00,-1.030458092689514160e+00
3.303607214428857741e+00,-1.000000000000000000e+00,-1.039907217025756836e+00
3.307615230460921651e+00,-1.000000000000000000e+00,-1.049795627593994141e+00
3.311623246492985562e+00,-1.000000000000000000e+00,-1.060122132301330566e+00
3.315631262525050360e+00,-1.000000000000000000e+00,-1.070909023284912109e+00
3.319639278557114270e+00,-1.000000000000000000e+00,-1.082157254219055176e+00
3.323647294589178181e+00,-1.000000000000000000e+00,-1.093879938125610352e+00
3.327655310621242535e+00,-1.000000000000000000e+00,-1.106090664863586426e+00
3.331663326653306889e+00,-1.000000000000000000e+00,-1.118796110153198242e+00
3.335671342685370355e+00,-1.000000000000000000e+00,-1.132006645202636719e+00
3.339679358717434710e+00,-1.000000000000000000e+00,-1.145730614662170410e+00
3.343687374749499508e+00,-1.000000000000000000e+00,-1.159978032112121582e+00
3.347695390781562974e+00,-1.000000000000000000e+00,-1.174762129783630371e+00
3.351703406813627328e+00,-1.000000000000000000e+00,-1.190098643302917480e+00
3.355711422845691683e+00,-1.000000000000000000e+00,-1.205983877182006836e+00
3.359719438877755149e+00,-1.000000000000000000e+00,-1.222435951232910156e+00
3.363727454909819503e+00,-1.000000000000000000e+00,-1.239461779594421387e+00
3.367735470941883857e+00,-1.000000000000000000e+00,-1.257072806358337402e+00
3.371743486973948212e+00,-1.000000000000000000e+00,-1.275280833244323730e+00
3.375751503006012122e+00,-1.000000000000000000e+00,-1.294097304344177246e+00
3.379759519038076476e+00,-1.000000000000000000e+00,-1.313526391983032227e+00
3.383767535070140386e+00,-1.000000000000000000e+00,-1.333581686019897461e+00
3.387775551102204297e+00,-1.000000000000000000e+00,-1.354268074035644531e+00
3.391783567134268651e+00,-1.000000000000000000e+00,-1.375603675842285156e+00
3.395791583166332561e+00,-1.000000000000000000e+00,-1.397595167160034180e+00
3.399799599198396471e+00,-1.000000000000000000e+00,-1.420263648033142090e+00
3.403807615230461270e+00,-1.000000000000000000e+00,-1.443607568740844727e+00
3.407815631262525180e+00,-1.000000000000000000e+00,-1.467633485794067383e+00
3.411823647294589090e+00,-1.000000000000000000e+00,-1.492365002632141113e+00
3.415831663326653445e+00,-1.000000000000000000e+00,-1.517810583114624023e+00
3.419839679358717355e+00,-1.000000000000000000e+00,-1.543976664543151855e+00
3.423847695390781265e+00,-1.000000000000000000e+00,-1.570888042449951172e+00
3.427855711422845619e+00,-1.000000000000000000e+00,-1.598543405532836914e+00
3.431863727454909974e+00,-1.000000000000000000e+00,-1.626953840255737305e+00
3.435871743486973884e+00,-1.000000000000000000e+00,-1.656142711639404297e+00
3.439879759519038238e+00,-1.000000000000000000e+00,-1.686116576194763184e+00
3.443887775551102148e+00,-1.000000000000000000e+00,-1.716892480850219727e+00
3.447895791583166059e+00,-1.000000000000000000e+00,-1.748474359512329102e+00
3.451903807615230413e+00,-1.000000000000000000e+00,-1.780889630317687988e+00
3.455911823647294323e+00,-1.000000000000000000e+00,-1.814145326614379883e+00
3.459919839679358677e+00,-1.000000000000000000e+00,-1.848258018493652344e+00
3.463927855711423032e+00,-1.000000000000000000e+00,-1.883243203163146973e+00
3.467935871743486942e+00,-1.000000000000000000e+00,-1.919119238853454590e+00
3.471943887775550852e+00,-1.000000000000000000e+00,-1.955893158912658691e+00
3.475951903807615206e+00,-1.000000000000000000e+00,-1.993584036827087402e+00
3.479959919839679117e+00,-1.000000000000000000e+00,-2.032221555709838867e+00
3.483967935871743027e+00,-1.000000000000000000e+00,-2.071803331375122070e+00
3.487975951903807825e+00,-1.000000000000000000e+00,-2.112357139587402344e+00
3.491983967935872180e+00,-1.000000000000000000e+00,-2.153907775878906250e+00
3.495991983967935646e+00,-1.000000000000000000e+00,-2.196463584899902344e+00
3.500000000000000000e+00,-1.000000000000000000e+00,-2.240044355392456055e+00
