L_mm,W_mm,inset_mm,feedWidth_mm,h_mm,eps_r,f_target_GHz
30.734019577297932,39.31579270578508,11.028170429402635,5.517491871580796,2.4103866719850915,3.4359285983328913,2.5618101782710436
42.95713007568139,51.475419553419314,15.468194714832524,2.7016865741263985,0.9277839467700388,2.4027928764370636,2.2340279606636546
26.773621627851938,34.613654422684036,9.424882280001883,5.992801546211444,2.631373809760928,3.4608828078105924,2.9016725176148133
41.65041690707933,50.33582094340967,14.754484233747789,4.238079181166353,1.4693329345109831,2.438425862809464,2.272737450810651
34.308955371587324,42.34921379519689,11.903791012619148,5.968407671042536,2.146076368389235,2.5785978822574545,2.6479175279631737
36.88130545057243,45.376415221509845,13.193246302591048,4.893884342128338,1.8033539652774793,2.676270396281799,2.4382169728028273
37.70858510504824,46.9028527969205,13.119408696668598,5.449865481266007,2.1033120514964936,2.868504769937695,2.2995106732375397
32.72747836330132,39.39099373240479,11.806003748433579,2.732448229141891,0.943113504567615,2.421681360793479,2.9113172778521577
23.620618042558053,29.83604677054521,8.295131255550704,3.4976165154589247,1.4701502921814156,3.2509165525513994,3.4484480496118395
29.393939983363126,36.090252093033946,10.437738069557883,2.832568295504574,1.0684841166585135,2.772198241861482,3.026349539768235
39.40608864901729,49.39411978886859,14.270418631810347,3.169279595941185,1.3693159595200373,3.382116522702417,2.0515827816728276
35.07321926379226,43.66571069712541,12.26959201383773,5.1801290518830845,2.0027626145552153,2.8760884275311542,2.467566614134116
22.958319084759463,29.93750182742775,8.193766558263517,6.884025169712182,2.866897671441216,3.207672670369449,3.454376941646838
27.832713226324863,34.91653106478084,9.894706535245795,2.2944545764677566,0.9946835045142229,3.398436505530052,2.8968499682166278
44.15591868023665,53.89632976031988,15.501981624984111,4.551631761413751,1.6550900373168607,2.6229294299922437,2.067840933365807
27.7583318627476,34.17278892712563,9.827762355385536,3.860200159267894,1.418055921312238,2.6637793247016663,3.243106263727894
37.43162976530106,46.57066986640779,13.70446241432175,2.297411670771832,0.9640114160954959,3.2428560749802515,2.211386337462144
29.973959680194994,36.11689463011523,10.761650567960162,2.3301983671765587,0.8121486576719253,2.458330385994424,3.1583671539449862
26.59222971877575,34.03612288344337,9.240218611046254,6.07373280580766,2.4967947627090807,3.1477093184532836,3.0602860157714256
37.14610743155945,45.66705401404109,13.077919194677255,7.970964952789936,2.6988275369263057,2.350629777382669,2.537698592816409
39.07815421765314,46.90191810017424,13.721896997621016,4.466789810112953,1.484161107774457,2.282625855371831,2.496347037278974
26.63159807005623,34.153822545599226,9.353082786902771,6.872805274748033,2.7518680336679187,3.028824712761777,3.094409267507096
38.01738963935787,47.911780897988095,13.554108034421967,6.044655829089527,2.4737271069571745,3.1272182233898933,2.1793913689074524
27.370882715087603,34.28721977526094,9.630815706122164,5.084322290913282,1.950012224640387,2.841934275273708,3.1564507699318414
47.76864237371024,56.948801990972555,17.05654631899256,2.5743209385574195,0.8691442085108154,2.340258855091296,2.038128690116143
34.66757642272351,43.67991568663587,12.087885568310192,7.258880298642579,2.796646242637405,2.8611418985141137,2.47153397161449
31.758046188957582,39.658467399190215,11.170116715817771,3.146870498783695,1.3033559640815695,3.1822164801059634,2.6155743845534447
38.23916318856431,47.18705351832743,13.559708943658729,8.270437204718903,2.845334835153661,2.409587673430206,2.434627179370652
26.8365422553359,34.54454037107159,9.409910800628216,6.004926618190453,2.568078569178052,3.332898767244033,2.9501056347656354
25.18914076907728,32.16731433053372,8.970595514086073,6.624953736511766,2.5763683413609377,2.901144914490346,3.3388384977349665
38.991401616991865,46.838908227459,13.76131588577681,3.8518190850059217,1.3014573575922719,2.34306750188598,2.4770052124577955
26.775533165656974,33.44162355429086,9.363607826411473,4.457011326822426,1.7183042069273138,2.8639714933508356,3.2270221488837394
41.057016406511565,51.015829556153236,14.336580564892355,7.873267652848395,2.8744013486075426,2.6388997228247164,2.179798051000524
30.052250542730384,37.645821845807774,10.913088399733315,3.9210647864569568,1.599985125234447,3.1139246465637314,2.7781859326150493
26.492429891688197,32.799133163186056,9.224285927225221,5.336963619000182,1.8939467129632481,2.5273169845729737,3.443670942413167
40.1204528034748,48.493659089711294,14.133560434192546,6.507050958311936,2.1410415347557734,2.247953031560893,2.4272607415662013
43.8335744021306,54.10813195517148,15.261913873135828,7.814521130566305,2.7981849491266386,2.562240403507595,2.077218126874984
38.891848724734956,48.844748554519704,13.56431148437309,7.750001997451074,2.9684309990433215,2.8362885883608318,2.2173423081368346
27.49806826799937,34.449791004917195,9.917216071798876,3.1883795904129157,1.3228025967832795,3.190105499927333,3.008203321108818
32.976145091031604,41.45338949052053,11.71227129962189,5.487361079217629,2.1937653636739682,3.0219975797716536,2.55167469907888
38.327381005296935,47.984314609382835,13.577033354502362,3.555754418818963,1.505716142937819,3.2858932442660094,2.1354346550816126
41.40167997665928,51.665346569019725,14.417835682639769,5.800033826296273,2.2906415960530215,2.9681608261447145,2.061162712332146
33.25047715555592,40.994840074238205,11.528586355139645,6.307662200522861,2.2193801389007897,2.4944445077573194,2.768139587448921
28.64854206629395,36.30644988759772,9.860801580944566,7.713082257351462,2.860805975220816,2.702755950190699,3.036406607153699
37.48579627295616,46.16305701834651,13.319431941393052,8.378301419599325,2.834325960212838,2.347515577612766,2.511599526575388
34.915578611873464,44.117902560601664,12.399059138771518,6.44602263566494,2.5978888404426748,3.0579792598444326,2.386912441572733
33.463765388350765,40.49298618426855,12.050506994458518,2.840991028628021,1.0048260891729783,2.5144079781705875,2.79447586753401
25.173220171662823,31.564827781227553,8.884438251337356,3.8658408021514212,1.5458655403071417,3.023031894455248,3.350627085744996
25.33827920090828,32.865763639236654,9.078984222684545,6.389517009211872,2.7515901333832584,3.36624333793835,3.088933518305359
32.78965202147927,39.354482013864036,11.786651309056188,3.452033779931184,1.1555831710081503,2.3093819544935634,2.9630474692314315
34.18569693686399,40.680066823442395,12.197026643978663,3.141938485702102,1.0232373943052706,2.2119561671016186,2.909643589489385
47.24570748071983,57.22871624957173,16.817652229878973,5.835142564562082,2.0072143366064896,2.4090504668427486,2.007592375769328
30.73702531515464,38.122458375889195,10.654134317022768,6.731715654243168,2.366794286964579,2.491550102298728,2.9779418892539007
33.04619368137519,41.74914896886734,11.923432788030166,5.396000709599392,2.2291923779038725,3.1704388266534314,2.488099547238902
28.97999389727434,35.7909674510352,10.272143320861534,2.564657101305036,1.0060844892218035,2.9388011843361133,2.986419338450515
37.984886077855215,47.17315862498399,13.251891802996994,8.308166974178762,2.9406232204553806,2.517186536392809,2.397803551522588
24.722307271933435,31.69362203423387,8.691799388465029,6.37706506373399,2.548584867791627,3.020480213796442,3.3380698327656697
30.632916075708348,37.778668384114056,10.981307720379466,3.207057892549652,1.229534573155698,2.840273001964523,2.865355826939539
40.31678617591663,48.738651088602886,14.012308250232426,6.778575104150692,2.2200390509957693,2.2316107563608902,2.4211585436612837
22.520217317773792,29.51668319634514,7.9240587165442244,6.432920015907401,2.812701658484987,3.4401071501033638,3.410687876529371
39.68132492735681,49.946873702732255,14.531333859282041,4.01139434555643,1.7420051262980918,3.406814131364043,2.023184924793301
23.448696922023657,29.66053656802552,8.343703377923626,3.4024147980113155,1.4477875625530885,3.308912292107568,3.4454299656338794
27.85838896860149,34.06395928654433,9.881793377040225,3.234408184842711,1.1728840427094036,2.6119986067031613,3.2767050072752855
24.17351078277236,30.756650425579494,8.416378720215297,5.044129036751339,2.054134574196603,3.1048387356774647,3.4042321612411715
27.19566126272516,34.26641762346617,9.807629440010123,2.5104734136758267,1.1081848335203528,3.4870700051355423,2.9225108400487545
24.46649135953302,31.35311998033711,8.719345295982063,5.657466446273728,2.33343463018959,3.162999203080466,3.3160596078919333
35.55354335282513,44.142844781450385,12.638895112129239,7.171231071078343,2.5805945420527303,2.5816693975438416,2.5392367268296328
23.994493943052323,30.684418682939704,8.56235139613862,4.45061337854701,1.9249532774940632,3.3872127183234126,3.3006084778701554
25.8933155673692,32.987297058238745,9.244995074651465,5.833828482367343,2.3443271299669473,3.044953110011095,3.1974427684501627
26.97849401409604,33.342246311995986,9.356524605397926,4.453997521783675,1.626282495807877,2.639393703906997,3.3350080127263495
33.963282053666866,41.05746819785657,11.982562957143049,5.546389804293412,1.8243156398914124,2.2467249559357647,2.867420211494261
39.77036454167901,48.438273100492836,13.882289918335614,7.930113246574369,2.609721233451248,2.248552645373979,2.4298118781924267
39.3639124607303,49.16882193588266,13.76919023166938,6.446411179864347,2.493985816816944,2.8789162380712456,2.190590768977827
33.234043372415336,39.73013442584092,11.794796542078261,2.7282750605809065,0.913699786570937,2.3109517044918984,2.9343357137285
29.683080434127177,37.59866928350368,10.69449534428602,5.987744950100233,2.3974009341898554,3.028658871947669,2.81095268241516
32.195361072174144,40.18688835289616,11.188019519042031,7.016521936757451,2.5494096284911483,2.61984341482362,2.774450522451793
36.82974026380131,43.91253427906283,13.30894884128445,2.5616726232601224,0.8557716355140066,2.301993295744946,2.658457131058454
25.530614642347498,32.17721565317546,8.953677787078325,4.173838025284151,1.6996964777113939,3.1047664679218077,3.2539701807683086
41.37195619049072,50.558787714855164,14.731187336568834,5.662126574158415,2.0082986623534653,2.525315767613974,2.234655564006629
29.84350537301594,37.57754951226521,10.503922048347203,8.097359648997278,2.900703617459027,2.5639140660297257,2.990296065076597
29.976516189938625,37.4812142723546,10.538863100400565,4.336249642253149,1.7231201373411378,2.995236970104658,2.8315310787671013
38.2413148042358,45.73264259741467,13.316256039436066,2.6615111466773347,0.9012058124478561,2.350894432658991,2.5339590179768923
25.181170739821685,31.852103805475025,8.793381193830568,4.516240193813006,1.8431824239921155,3.114755217194031,3.283190876016511
32.2506438642754,39.67233203201517,11.431800333494865,3.0987014606487504,1.1810441138020336,2.8155133020147356,2.7374238126752486
32.48133149061071,40.8267559312794,11.302166704859276,5.52257244315907,2.1972060319088165,3.0006051274678813,2.59775710159606
33.03111167992259,41.330709785092296,11.902612088875417,4.778828005378906,1.906899768876193,3.0136178904285074,2.5619189219397067
31.93285425146655,38.43501574942083,11.377552351122025,2.77493720457654,0.9552512442809458,2.411814755205859,2.9880404474284177
41.59464627807085,52.25109788584574,14.768395681905703,7.274267198403949,2.8685065311349067,2.9615082556555024,2.039766965812433
32.69248684729188,40.889969959979396,11.647923700518676,4.508332707165101,1.8081563590813368,3.0362746839750594,2.582254889309783
25.259026298477956,32.31155288549274,8.925446737597289,7.85975567782549,2.9146192404126117,2.7019334291410066,3.412197213164788
42.779893889659874,50.98741701385251,14.88439058548753,3.0684995659096104,1.0217116030303388,2.290169691137715,2.293686702183945
39.608124162610316,48.98963813079342,14.077881944320076,2.3578670677551807,0.9566150266125039,3.087908805441264,2.1416644411338925
29.24657660008353,36.12411503936761,10.106900960484804,7.91685340532035,2.591830661695659,2.2302535164565738,3.2673129664541816
38.32830554217033,48.084136059772966,13.853862989962156,5.361139270936441,2.183674262915745,3.105758314973396,2.1772472414324846
26.379401898412535,33.18677042323495,9.307905854365606,3.384043454494988,1.4204760596568744,3.244525209500303,3.1026065657058286
25.325453560333468,32.922333168510264,8.89361843359041,7.0906346508472975,2.979111312401481,3.2488851610474434,3.1259221274612874
32.24475505516457,40.4198102389521,11.727801191316503,3.7199870992411177,1.5497677885566392,3.209336848964596,2.5580271286891745
26.3213660164634,33.286195118531715,9.314228058198605,6.522839932354572,2.4519163491412943,2.757692235587524,3.287619127764518
37.325284409189756,47.07786283371619,13.565202882454962,4.432352060956801,1.9115552193852858,3.3733187786834367,2.154685803253899
32.47332945679473,40.943994480413274,11.419667382674067,3.8476399485320267,1.656243693215159,3.3641801970450604,2.4800744015459175
28.596618994411223,34.676393175229094,10.255106312844818,4.476793956779273,1.502490002698913,2.3186726798219737,3.358072964628896
24.559616136433405,31.17316398579807,8.630477103005072,5.5741903615772355,2.1900418667735586,2.945469254560272,3.4259107204063337
36.927597152364534,45.65197559867978,13.142768857518009,6.262104853715116,2.279540603369485,2.6272639089808907,2.4398161575470967
25.912552966779106,32.37303007904136,9.282062547163246,2.393086913629831,1.0006534267071188,3.22650358563292,3.187368565588773
41.50600497749208,51.39130534183011,14.990047965964546,4.540982837024238,1.7713671030214295,2.9143875470208562,2.0863381400249663
38.241149320007025,45.86112897978578,13.690742531444586,3.290505205717618,1.114581700516239,2.352187121355888,2.5263725188281176
33.13443656130548,39.702489240796446,11.832680966709482,2.924649481428705,0.9850349734529944,2.3314594789596277,2.9273270949743915
38.5422252945867,48.681779494582564,13.53531904882857,5.578947294278386,2.353732899744292,3.268418077077463,2.10914450954629
37.3469687634156,47.09988708953287,13.381841268640654,3.680928779567772,1.6233957506634649,3.4826314520515282,2.1272565711277878
23.89581902031632,31.30305860619298,8.536824338121443,6.802908747217779,2.969202340410316,3.4314231505990165,3.219199350886254
37.185221514322656,45.4782113104165,13.075676526953652,7.498939658709193,2.509723215040361,2.3085509317082695,2.564389378296373
30.6904595888707,38.455209333077676,11.039295467473645,2.419733322292189,1.044634461073533,3.378260700623157,2.6363330138704644
44.09665702980825,53.88570347229724,15.47459423364962,2.427557006038653,0.9238672065000422,2.8092588345923644,2.0170304671511285
38.59519053991312,48.471389698672446,13.750872371984595,6.076473622463965,2.441298734383931,3.0439733927508827,2.1762893701656574
25.983319878423938,32.08340704589677,9.313977558065506,3.8662268927290993,1.4285665898200937,2.6873317533808154,3.443258822711813
34.42391445328736,43.508920865238956,12.575147982727216,4.560879037047253,1.9609424399898598,3.3584860478074923,2.3353937577791792
40.386558738897826,50.76182037515925,14.284165549012803,7.507742118348442,2.9324655783620175,2.9200105697217174,2.1106948471030984
28.25905976182654,35.56520233102382,10.0992048132198,4.420409174219698,1.7999903424891013,3.1044732956800023,2.9440979572028936
31.09755043867179,39.05719601647818,11.025003203842841,8.067247673703376,2.8909052649684295,2.5652521464698994,2.87647146788465
31.768650235365765,39.49501179668061,11.174345577734755,3.54010656670827,1.410238602558492,3.006172377141998,2.6834851291785693
33.216050421147955,41.13929139604302,11.508749428606112,5.679368541538983,2.0840434460719184,2.659357896433869,2.6955476074099733
22.304360427353284,28.94615225436866,7.947535441593984,5.297202601586078,2.3359557708434395,3.4820739678234838,3.4615922114992497
32.896040337770714,41.717161689364325,11.566198512886835,5.478961546474298,2.3064085796185347,3.257933525619033,2.4642914244294913
23.37092640841527,30.497446106791454,8.3026345649791,6.847715165542989,2.8895598092422334,3.2692984158001197,3.3663907767407637
29.650157655650364,37.545137387082924,10.526784842535035,7.61290055697725,2.85200266337883,2.7437159471778045,2.9201227939036847
47.76310559423314,57.043115007285415,17.12032537396649,4.967759560404219,1.6282194071317093,2.2342770668464276,2.067828005159284
26.74482094281059,33.071842294868596,9.31108257667605,6.14778833865995,2.1070875737746975,2.395541958434587,3.480914193972417
22.78723730339818,29.628193274968215,8.033792534623148,6.232912824671235,2.6443231503645035,3.2947546000764216,3.4548715967219046
35.44773336362712,42.90318971535247,12.763222477914814,2.5850422117628,0.9240260926320397,2.5554291935099185,2.622229253506498
23.650506845963537,31.063423138663524,8.394944317479405,6.762255331342125,2.992601041562592,3.49963297527197,3.219351513695116
24.61306448927896,31.967055178534515,8.648597057929589,6.11965051938939,2.6692242594903055,3.4281954488471564,3.1534811227707658
34.88188386822013,43.19862434137317,12.236234693192062,8.521632156503323,2.8989122599691894,2.367907239696944,2.6758162029651404
35.736865585485894,44.8613309934567,12.63426408557752,5.341070336014792,2.1598821290073706,3.073210889727614,2.3429642082551942
38.7672552638822,48.43057134897914,13.963225490257113,4.8090767561334955,1.9446769419883454,3.0730451542706394,2.1703363882994435
28.956458663106407,36.76152939037466,10.359652028310842,4.734587839892509,2.014195045303868,3.307835950414102,2.7802452516679903
27.007074951141167,33.158103712774945,9.396058456153906,2.9361268635104985,1.0948335025914098,2.7245277260761163,3.3149804039875175
26.618278089277617,33.83057268307506,9.281295208691265,5.896300936190129,2.348975489818292,3.0064024167595043,3.1327058835104284
44.92642446826993,53.63281548535171,15.961612855909046,4.815175421691489,1.5712926293745135,2.2189080653682467,2.2045572133801548
33.564593205342874,42.21665047103925,11.720057462505022,7.400276218839893,2.7891491278862466,2.768717398630848,2.5883660676495985
29.614041697433304,37.271799638256695,10.625571106254467,4.006225461846226,1.6723941211067945,3.218748916563486,2.770984233739716
24.25780408377086,30.586253508107387,8.871593869825283,2.57270253554408,1.1235616580438834,3.4343768107549346,3.2935455631201176
33.601575768163656,41.20086682004989,12.07601680335313,5.089634978430944,1.810098663724175,2.535717704788646,2.7381744396193075
32.80018986674949,40.66580972026963,11.422206860018594,6.025522661431157,2.193481879496797,2.627377093373761,2.7389271409893046
45.683555377344994,54.68733702140571,15.979371135142904,3.180078648987878,1.0817008457070996,2.367543638483844,2.1137949921629957
38.65348395990069,47.834180593253464,13.723235466627898,2.9944446141493373,1.2001361856781187,3.033137168244179,2.2082407589741155
25.691895488961443,32.46188237701148,8.90432462835634,5.951288140952557,2.2686270247462597,2.8161501323417344,3.345182614859018
43.1454856828685,51.39457733486464,15.163081088511612,3.5556802893590147,1.171657138758762,2.2531292011464226,2.288433528213006
43.0652893892881,51.42530641540578,15.249885753270117,3.17739875451596,1.0653989164213218,2.3153132938841723,2.2655157264151202
38.95420638053259,47.92312781967015,13.881738303960418,5.1800447570190755,1.9075179958806854,2.6735508193624984,2.3095005776086888
39.76346519632351,50.039498151813184,13.971563584375538,5.2026421491007095,2.181380856879997,3.239233518581756,2.0589682097616486
27.008551746816842,33.96319928381238,9.514646686148025,7.191670234520114,2.5736428155447353,2.559940942591365,3.3103679361601657
41.22171942087149,50.001772564361104,14.569159065776553,4.616973712564387,1.6150386261410405,2.4721541203377235,2.276781529034566
30.5299307659575,37.776981578676164,10.878346307754796,4.928438535808531,1.8175763754929255,2.679587731440704,2.927382157295444
44.860501998765535,54.955929615447545,16.071529360301806,6.675190327823096,2.3693690889460157,2.528168027647227,2.055024804335897
31.54201670418233,38.85471803193007,11.209900704064271,2.669260575682388,1.0357784249475075,2.8917475308449103,2.7675161631734992
33.20959352243774,40.4239842740611,11.683694877801345,3.935791983398139,1.3923351080886381,2.5152116547251486,2.798925899682535
45.208745806742094,54.930165377616014,15.937446784913258,3.4830607555905315,1.2651856153923984,2.618702915258132,2.0301067966665896
36.88585198489368,46.622215819971984,13.308023000607179,4.898852977187745,2.1059033978189072,3.3576854649618637,2.1796431977288773
27.584858487372873,33.96645715726677,9.825338858403168,2.5807692890627436,0.9912246337923322,2.8479748586077744,3.1837568579110074
28.640556657068423,36.07070650283066,10.052728597537,4.236476519510982,1.7496510017052946,3.169071316439629,2.8802616770313185
36.88010498904584,45.637714805590974,13.045294839446045,6.033688424896298,2.2210179309295226,2.672006985318226,2.4256638586980865
31.014300364734424,39.53812712681814,11.003203596042432,4.8359066581888905,2.132704602585152,3.4824698234308737,2.534145088846769
44.435286501858066,53.452811843883055,15.527279247945701,3.9095619637479286,1.341107002445918,2.3987168809396318,2.1526737089306054
40.598964687302704,49.24111040822132,14.629782865656894,3.2923110111332576,1.1814219096484606,2.5706237193020014,2.2798505360769585
41.08362676805884,50.77832519219599,14.887090035532548,4.398526173926842,1.7028730193772554,2.8818648064413313,2.120350618492463
40.6731945490615,50.7488970911941,14.524444101565456,7.879340655998201,2.932834953205812,2.7172122787594644,2.1680583532520785
28.72213445081229,34.97704657608452,10.227510594133559,3.3069221709338317,1.175952692258145,2.5352736751584217,3.2256081064239197
24.968053377427626,31.552462278207656,8.725065851680688,5.263165317097402,2.05754791683378,2.9237917609181086,3.3940639836913786
29.734346405865494,36.243756139987,10.452731002277217,4.355938629996917,1.5120943200893362,2.4431568731247806,3.154239399787906
33.84247771894843,40.973553313869225,12.046721786913624,2.97562058934696,1.052641014426248,2.5151326521396045,2.7614155680266825
35.512634315865846,43.83965235696609,12.655082800280104,2.8938181947000072,1.139597973603245,2.955609687849396,2.4329458298603837
34.841737974382106,41.929736774729065,12.121825023653612,4.6563504513733776,1.5405294120266255,2.267370597869155,2.7988841488273786
37.951132649124645,47.800644230935184,13.84794355480316,3.4189653495939702,1.5091784589443906,3.4869483021069287,2.0950624557091517
34.90243993140048,44.05801248640545,12.432691410585754,6.096867209709211,2.4725012917573106,3.085953538891108,2.3819609821456456
32.89186935831838,40.54071468241203,11.847658019515883,4.192646351070127,1.5675101863945897,2.7353931883914493,2.707364282825237
24.56968426227702,30.96464026392497,8.92470889176035,2.4478859763911545,1.0734538916681986,3.4545349838664663,3.245929111681594
27.81303252244773,33.58671621220383,9.940500420123177,2.7314930280302305,0.9462917882069105,2.4356029860153585,3.407510685231557
28.570353966543816,35.77095880150826,10.373213689809763,2.6106851156377786,1.107499228577837,3.2943774097857537,2.861709669769868
41.47239041429042,49.87298234914144,14.883808910464612,3.372891849713443,1.1613847554481844,2.412752725725416,2.3024409800716166
28.88094751939881,35.92437154139665,10.392284651161573,4.1072976653973905,1.5894270650717055,2.879985052199855,2.9977958310443
31.506273405198883,39.69581042625616,11.206624642084163,4.192180940481176,1.7660967988544807,3.2615792713130505,2.588667661133953
33.43996168605503,41.54798344834529,11.74325713713603,6.776268728042515,2.4447406363877526,2.5917912364133846,2.69401967850441
34.31368297222973,43.21513975584903,12.33738263989662,3.816328040698155,1.6445606870210652,3.3694469452569393,2.3483190427202256
25.38333803932974,31.52468785589168,9.206048564533459,2.6506192501733357,1.057175689558401,3.01150939468819,3.3597081664468202
30.996238161383964,37.82278404855414,11.117488265666681,3.0332053504960568,1.1063985598594521,2.635377299054212,2.941562079607127
28.842409258486676,36.690396369066,10.24341379513068,7.126686382366321,2.766563682712107,2.893499419569218,2.9301091338927705
41.21777295202272,50.155565429897294,14.75820491941712,3.720004089011557,1.3466761075918248,2.6052386881342127,2.2275123195991267
41.720752348077994,52.118728883242184,15.01677888690145,6.3122956289525565,2.4774091086295194,2.9408565903327117,2.050298652103669
32.746359949101596,40.86005705477851,11.919082947729892,2.4735110802603875,1.043389821301456,3.267634496073617,2.513122623073861
40.446625316019734,50.217163660500844,14.067123514300384,6.862937225270495,2.554049804715018,2.716473477728478,2.1912329934979735
35.242259882085584,44.4864211242472,12.60129962149819,5.810678781255221,2.3840803804013637,3.1389283389109863,2.3438770928489623
28.45391276497329,35.298824031144406,10.045169319709096,3.4780575036486807,1.3539579295952962,2.905541776351875,3.0409226667006504
35.23146033551015,44.600138930079886,12.573065486197862,4.823296699010192,2.083461948485465,3.380985729733717,2.2723965752021384
29.772360102025473,37.41921514162534,10.755894626830818,2.605876239948778,1.1373730868553764,3.4314683414953597,2.693008705466199
28.63547304261902,36.93587223007895,10.185795849084272,6.6644850009347945,2.850660221463947,3.3337610816273973,2.7588330183266994
25.821955372109677,33.21490905630103,9.066975800979266,5.433545726663715,2.3559249954894774,3.3992491955304844,3.044976235815338
29.648731584873957,37.08090818301599,10.625741649725486,4.367775701949127,1.7330874768652493,2.988729560297713,2.86443254025022
23.26740997597655,29.719616320567283,8.182917712010042,4.129201309953417,1.7918466170890908,3.4032390667788093,3.4015505221535225
23.459772596512824,29.451776595718236,8.549031369872413,2.5343617995069647,1.0742578986471871,3.2905675123797145,3.477261798443502
25.862221510375907,32.60978824728948,9.07356155373916,5.435749896822383,2.1008059586388446,2.8744894742638936,3.3048445430931923
43.262639484850496,53.431630504449906,14.952306019495149,7.034814403879373,2.5662775869156254,2.635756414139671,2.082142458233047
35.58075471841953,44.00384027402693,12.784183449776009,5.32502856995857,1.9822703264634305,2.7176193016682264,2.5002487575367165
35.479779711771236,44.06364045400969,12.46141251618602,6.615403626045301,2.4225027458414465,2.651039162465096,2.5195189915489418
38.078462712679254,46.639080010588025,13.370768594277761,2.9310634449291144,1.1098854448355597,2.788171370972502,2.3369072344099733
31.642354747690767,39.89858509945441,11.032923752906164,7.506270183856255,2.8126609823498203,2.744603084355912,2.7475516591092197
29.481093883818502,36.65969763934637,10.715157868588253,2.9538149176528012,1.1916791271134533,3.0625985836217238,2.8708825254170653
40.455113633208754,49.35027261625562,14.678834034542211,2.639681826189002,0.9877692697730165,2.739011360845131,2.222994091629669
31.308971569568772,38.64914961896626,11.284702314989502,2.39610278349528,0.9475682502545405,2.974000522516057,2.753292515496864
34.9851581320458,43.849721012092935,12.425692534398419,2.904943522853597,1.2513072090604158,3.367470576272928,2.3148583896433785
42.755707653815975,52.863875249006945,14.897358072805737,5.361622992460899,2.0426504931777565,2.813687028642999,2.0548245017721425
27.55672431492306,34.449979096234856,9.691880664403396,5.157994801336169,1.9536585925206762,2.789275485172436,3.163291425042516
33.34094851275373,41.15114017706715,11.728081721204665,2.9174867624509946,1.1415285410475675,2.9275324307006834,2.6011445913129894
24.057838133442036,30.60959059085818,8.537575316792038,3.715727277379885,1.6212804958154567,3.4299501007737225,3.292678431520276
30.314750491237337,37.02558757906177,10.628356182538129,2.291406482424576,0.8558499824527588,2.7313544224275255,2.9659993148585233
30.373816451072674,36.94749026812591,10.807202459825866,3.7242024595524224,1.308364552493757,2.4885638105128343,3.073958343271096
47.106962237212876,57.231217933565695,16.37342927046022,7.592182871549902,2.5598153878210166,2.335341156579946,2.0295658066315463
31.382057690854893,38.00907004034742,11.00378741314022,2.8839902247568854,1.0187710640705594,2.5096376153607447,2.979119161777812
25.65935092571588,33.12962665615168,9.054767576195164,6.167916364290745,2.6264837020473815,3.3124054085381713,3.083400397783489
31.178089909643212,37.951834295428476,11.18163212056189,4.136839860148806,1.4449250065742292,2.4664795840405676,3.0021277048559694
48.32269735407147,57.72602111909246,16.809392007599197,3.7541835657881997,1.2573497613212603,2.311161090110809,2.019502885266104
37.78956240779628,46.928133678674115,13.65428201030182,4.383414456613304,1.7271340113034956,2.9579540292606,2.272153152634696
28.03272284084133,34.44362461921868,9.862491184478435,3.7494488541290583,1.3707315535488436,2.6443625572072387,3.2261653426076613
31.543390424351724,39.02765861462963,11.041605483207842,6.090357013928557,2.173127597268095,2.548482733069739,2.8854424137722114
31.338591388882246,38.647394523820125,11.306141025187834,3.8430456667736195,1.447824670992219,2.766964487875912,2.8280707712779702
29.424763130658448,36.67185901805956,10.246571875932233,7.9374088873350175,2.710629546975408,2.3821471284963884,3.1454086912396413
24.306500304049113,30.828246851995118,8.491396832969043,4.138622997111775,1.7354697098323137,3.23981183273151,3.341828340341137
35.774216309029725,44.67738639982563,12.54722983945835,5.636923977148762,2.193652083617524,2.904124479059127,2.403016039077419
36.344049881309246,46.38821704065519,12.94355179520658,7.004191996319945,2.965684797547815,3.285409307839089,2.2090341111092364
41.286449557546014,49.84437718180026,14.910352942352239,2.352119474618781,0.8404594884044269,2.55399952447518,2.257518928772455
39.6815634830459,49.0402676895531,14.172164900721812,3.5674991930898963,1.4029214855118533,2.9494714181685295,2.1766266243352117
27.44984146186559,34.44722675176588,9.64250600237196,2.966154995051939,1.2541267978733273,3.2786643448193624,2.977130582527796
36.082080870936096,46.01411303366607,12.932407495498174,6.317147208531058,2.7225581706375337,3.3700242344025364,2.205328445103211
29.165430395268228,36.27321569954197,10.580989197650185,2.938007929498556,1.1858168129715891,3.064547676910132,2.9007752906504805
33.9378926043158,41.9727085629071,11.767217064912204,5.240855258946112,1.9416189516222426,2.698080086724347,2.62815578733811
37.262735026027194,46.239923174267275,13.411730006956203,2.3831050438084875,0.9821570694352783,3.1594437013542818,2.249425053134119
37.979478128013625,46.53316280132704,13.393426036589629,3.8661184197215617,1.4351262208955398,2.7060842982545696,2.3680236645219814
29.349280869566044,36.38619193781295,10.304101506566093,5.679267119885626,2.0460902086531743,2.586258230310128,3.0785688577763684
26.169086065762684,33.69217616506176,9.214863073179366,5.540834233896333,2.411658613862551,3.4178786611221854,2.995506748043972
45.079745271157186,55.07781875599703,15.638292242432284,5.9225875020687555,2.109171447540561,2.5409432575897726,2.046774702591927
31.143198549293583,38.76303002759589,11.19492470086278,3.8807082881691306,1.5353365597973139,2.975895703591956,2.7445493708018547
44.61557965813003,54.08401721174786,15.708554323367824,7.198853432328782,2.4020152636479275,2.2976791162565515,2.159897379700658
29.237700791303833,36.04891766254793,10.494945352967342,3.56382356912156,1.342084473126035,2.76527554018487,3.032603594641604
26.13811978268112,32.73549183402615,9.346727359865039,3.43600593774728,1.3987193019059179,3.1031054121107546,3.1991238184534687
37.25174294921285,45.81582362121361,12.848616422645197,8.395841027711251,2.8180898660169342,2.3190566953246243,2.54146084541004
25.809686083388595,31.854126231635917,9.163599761432506,3.194703701281192,1.2072924434449632,2.7798075048453423,3.4253560307312036
24.42109327639908,31.458027722480097,8.664169795016248,6.256888643953475,2.5744345252951897,3.1518923523324296,3.3094187538146125
26.74316305865671,33.653121955954056,9.575220830568615,3.1741969643266144,1.3492696194902092,3.303954347034915,3.038414846776779
33.41921902479145,42.961659526692195,11.720479705647815,6.521462469797504,2.8769305473105495,3.483968410395641,2.3318141627294033
26.24713811709749,33.05610323542803,9.45762726195787,2.7592622571693637,1.197265759280134,3.4028228126403657,3.0583627587735327
28.367253830162017,34.91490611132598,9.828085801123375,7.102178456077253,2.334324587943048,2.2441297721615387,3.373232446382063
22.582379806440517,29.652411459963574,7.979456560476255,6.55109384700352,2.877386276049555,3.462375718714978,3.3865942930647956
24.579757514548454,31.072573013622044,8.900850056135157,3.5380451298358846,1.5020210411351624,3.297914218095592,3.29306397648397
41.91482036806266,51.761821356758624,14.728908260114089,3.301647812378403,1.3060194420329467,2.975150842026669,2.055511452073239
39.76843727594437,49.49277206380491,14.337054115520369,3.8003082786747897,1.5477249202897456,3.105175408641582,2.115429802443814
43.44635114980222,53.21663387313487,15.541854728059613,5.482059859874706,1.986880843225742,2.6098774391797934,2.0980345111984136
33.73462170800891,42.72796067627284,11.976101070046079,6.889506728481509,2.7491510461196116,3.0136587893681117,2.4781287543981048
41.269523124917406,50.22559759646757,14.2094579324662,8.287218491282482,2.7142175225820457,2.2317210160234997,2.349439212130451
25.28384961775146,32.48383052305083,8.94018518421024,7.392824574201646,2.8659489367283717,2.8876182742353755,3.312052509026299
25.08466579485641,31.726651546097084,8.720488144109916,6.785499605022048,2.4878142356484796,2.6559253600872235,3.496901165800006
30.60330970257611,38.92094934156393,11.004372875813084,6.818461853903553,2.7220896512099455,3.015757102183881,2.719813430455863
28.008121499003664,34.78147644609522,9.981560954251693,4.610564618732766,1.7269854050095546,2.743096816817534,3.152410120796777
40.835923612936156,49.195311559766324,14.313370777242538,4.675994556324682,1.5801687468097085,2.3436163470708133,2.3581657186524536
38.45364248479138,46.361779046115814,13.38517717115464,2.5307466509352534,0.8926050171999962,2.503690076364883,2.4444621806839852
25.256501372011375,31.43840935047904,8.974858287159131,4.379256890765371,1.6455186237512998,2.756105073856621,3.4815835846040475
33.89635154728591,43.280718547211904,11.92514254858615,5.792357163346776,2.5299590317142147,3.434949539135293,2.3273808317975964
30.103888287983537,38.75810641980388,10.678702393429672,6.716601578852149,2.8784104490411027,3.342853799830814,2.6263711636773923
31.432893997785595,39.2983524441227,10.828344107886814,8.645989554982886,2.9805709775013485,2.417144129919698,2.9201170838160615
24.285209555067716,30.895534628115616,8.579024353819415,5.318440678934404,2.13702094873349,3.044540643690079,3.414097661202688
40.492824265686195,48.82731359021117,14.161071154926146,3.715433211831623,1.2850696599543858,2.429486441607161,2.3460047175766383
28.709685467963983,35.00894552087562,10.378442405168329,2.5295596295327507,0.9272538884394721,2.655162836916749,3.16937671035013
23.147671094996028,30.387842188566324,8.064227286350711,6.883480809807852,2.988797209822158,3.406077968153777,3.3256788274451385
31.518833869123554,39.966023684940694,11.048963627693213,5.624391813896744,2.331245359718343,3.185710018415319,2.594363028353988
28.920136240670306,35.21453504475311,10.231195012578134,3.6756698873805895,1.2923987526097709,2.491772743387659,3.2237496874859266
29.892757267765322,36.92092838767618,10.818441877612242,2.543432397216905,1.0012710422750608,2.9541120701891543,2.8894099022625546
39.22626835811173,48.19198037105496,14.003723391872162,8.098292081219826,2.7552457757117503,2.3683693976676454,2.398400063883059
24.36319968395183,31.237316092346862,8.657484987152047,5.331151000816593,2.241532357405848,3.2523708971423417,3.293191425898176
42.01367957566347,51.548587813064124,14.762190047553998,4.337457718364741,1.619914737427091,2.7309891769919084,2.130480139867115
28.502611693813048,35.0675165954544,10.02616119880869,2.549126941785115,0.9783016749968255,2.8446384556024022,3.0851301705328775
31.22305935345128,38.61070629704867,10.89299133964308,8.00708184298443,2.6726552109072914,2.29897011733739,3.0248881454893937
30.880777881553364,39.128618931551316,10.826447907948618,6.616576417365465,2.6142981250353285,2.970130120057373,2.7208798659899722
28.525182419781174,35.442975439143616,10.290302358023007,3.5395719436825264,1.387462194372727,2.9354515531945284,3.0170242288385953
25.6677545450553,32.955833207269116,9.161872261446987,6.6310711252833885,2.6712798040073324,3.0559873850559534,3.1961390324103918
26.099805649815504,33.44956884209252,9.336757637689907,5.510193647124916,2.3344372156724242,3.288117326872774,3.0625444650725524
28.392705515345448,35.443421426015846,10.313260792700632,2.776235983842369,1.1489312316447622,3.1785316314249337,2.927917067322776
28.801041865789294,35.63950875088511,9.884437940458609,7.9754376747308005,2.616796851242478,2.238021467944927,3.307765291617848
33.35519256960403,41.52526128662938,12.094529705431658,2.794939692817531,1.153671771306278,3.1665607331790904,2.5026782813887127
27.752380276597332,34.54917866128013,9.917421230218098,6.007784771267488,2.157239220426633,2.573149573127387,3.248201266936613
30.89907190435048,38.261037666620226,10.865091542982372,6.16814929543562,2.1948125468191453,2.537744655383408,2.9477202905250026
29.60159000206484,36.62399292953239,10.354045062493139,7.3309069562187625,2.4742613855044615,2.339074830475046,3.169768092726715
25.730649539431084,32.260162169325774,9.169086770377197,5.995175690264692,2.191768164894686,2.644433815850292,3.444488005788492
36.91878051783715,46.85712678345166,13.002457128461714,5.314400047359617,2.3133485890617895,3.4183970334073868,2.153764591986019
34.38426674615497,42.62874646163693,12.352923363826585,2.320252480139642,0.9481713232312978,3.120623715238866,2.451445350420224
31.467478429139973,40.45890238482306,11.3891439128135,6.878364762344523,2.941675732190274,3.3329978479980893,2.518824585429435
29.87532849883016,36.988872167952636,10.238767178733484,7.253071979903,2.46817903104385,2.3691121121698218,3.124477747614387
44.831897587462734,54.83191599224182,16.04087842496584,5.15934109432158,1.8750150188902648,2.620693284894404,2.033185327293496
29.209411647479453,36.071309441715144,10.556376059900003,3.7099963110216465,1.401978665819665,2.7796735182897727,3.0249430649097575
33.64757165862758,41.30339497474436,12.098742960214459,3.0643408859483303,1.1599724066216723,2.786803131628578,2.6392719533539597
30.89317065799443,37.362154406975016,11.023621015541792,2.794195153667944,0.9812383003548539,2.4870004966253885,3.0405233386722332
29.988993070308023,37.730996631144144,10.31056952724741,8.09073551096979,2.891899836950903,2.5552373850976724,2.981766821421703
30.058874003012832,38.06850651866872,10.845496595749893,3.9523965707664708,1.7234000972374692,3.4267006962178783,2.648502201563903
34.661744404291426,43.323735037024576,12.079586187694652,8.291911721005004,2.964750825511622,2.556479763053271,2.5963915969441915
27.85313315015501,33.94236736681566,9.653243630347438,3.601890667510127,1.2688303488551833,2.498940987658412,3.3411488055187015
29.47626767515428,37.14365061900693,10.302569683679794,7.326386646695151,2.7015881496472014,2.6790842468408895,2.9775002380638274
26.332911297813915,33.12417524557939,9.250992122750477,7.813676226730359,2.710970969502344,2.4411831704140576,3.4522901418720826
25.170354076999235,32.41696589473762,8.9690287961559,5.827786177380344,2.4742527800745977,3.2982181965519537,3.156382766966078
44.0862903356927,53.626184780860804,15.554718780478778,8.602199391529853,2.825865265194511,2.2422840333386276,2.1968673165235817
27.56247180960123,33.94614640423021,9.647496737573626,2.769187537934474,1.058078015717268,2.8259790569663155,3.1948059364642645
29.359589540552914,36.127786433597414,10.40933416112267,3.3004868505682596,1.2411543987407407,2.7593976633693016,3.028347930843457
41.18044362100549,50.873429138260214,14.856547350260564,3.533434952873698,1.3917854897572148,2.9565628224887184,2.096313405612701
39.377436036517146,47.40454261168139,13.897866833262642,4.990342691745809,1.6634858240947068,2.2941809541329268,2.4655429383853606
31.102758777459403,38.66455396780487,11.071356934044235,6.476093117528787,2.3289601494783936,2.579161352322094,2.9000308221789557
30.56045485009184,37.11380144233895,10.572511071826932,5.638464251362501,1.8571152839672238,2.2515044729528646,3.169776483340025
33.74813395987232,42.399639000550984,12.173862353232682,2.52474068936738,1.113490194383329,3.4826613712472905,2.3630675237937915
28.269144419374623,35.73211524583054,9.83895367770073,4.97869341233047,2.031227103671211,3.113204461707335,2.9272336014771785
35.23872306043366,43.29477448596365,12.481059049928534,2.5710204073938736,0.9933062981186335,2.873025136400125,2.489691962365988
47.46920609470373,56.950199128255306,16.54913982663124,5.008440377663211,1.6732312076435114,2.302152046301527,2.0498046631870497
28.83898407648214,36.75915434017574,10.071402301364827,6.301361442388753,2.5612907380399825,3.0963044598784455,2.8513112723923375
42.52858367457197,51.59154971569259,15.108752451141061,6.524365568152533,2.200146548996001,2.3359381924347207,2.2512238733886045
42.10244575941223,52.44095238257274,15.149983267186899,6.0648268706511725,2.3599331427920163,2.9036852358913916,2.047379217238463
26.607026001584725,33.535906471849934,9.62217693932065,3.6867577992125424,1.5467904235941734,3.242246507990729,3.0711303981986418
37.961398082660466,47.899334373714,13.784047919420713,4.65803846836611,2.00470322753822,3.363261652878686,2.120172269577013
31.408899888671044,39.41918715002857,11.256982682505496,4.8817445055648285,1.9580858540594492,3.0366510037554826,2.6784774267774503
46.22397451993624,55.19948482987392,16.157468336722673,4.048561820480438,1.3436271148223222,2.278457709187733,2.1224449730458845
27.17084259126006,34.35447754700558,9.3688962138421,8.396111753954633,2.946903562802089,2.484978183565458,3.307675349888303
35.95561119852123,45.39176180054249,12.824135793764496,5.37879335574996,2.2491571061019275,3.2266080592852227,2.2731768735330493
29.493841003862453,36.82281247132192,10.744351566551849,3.1775622579311005,1.3026004309288572,3.134962311753943,2.833045326406447
24.40021423047207,30.463051223809384,8.75005255626928,3.0828949095818907,1.2389933920441194,3.045423392251018,3.4621897432201747
46.91645739096287,55.90002538168696,16.604757718913763,4.163861616137674,1.3669023547246701,2.239848252867548,2.1082976134687637
24.58286395039584,31.549785403973484,8.652871400710891,5.9239557822044935,2.4339543466399585,3.1453197906962007,3.3024087581125707
34.95891550445711,43.8866413784227,12.029284491114497,8.055460228728597,2.9728290402193274,2.6823503918799836,2.5189024888204443
25.749200992513266,32.3293191901822,9.195998568531298,4.485226974936757,1.7649539222170991,2.9522780311441115,3.3005472441836727
28.985779497355395,37.318653505079354,10.260398223811213,6.500605906505432,2.781544100824769,3.335450209506159,2.7300034121370547
34.867319598529164,44.080587514654404,12.168876648749434,7.104914858951004,2.8071993603567202,2.970055427171371,2.4152416958525773
28.403513740566993,36.05047549136445,9.882602957063453,6.0366809832681385,2.4128486493136183,3.0210282861202766,2.934449875345224
26.194053560909456,32.96978187058058,9.309340066221228,2.766740529321975,1.1953028395145324,3.3817422768653334,3.0737374470231327
26.34575808209502,33.106616526839254,9.154220255437092,7.735548887456796,2.679647205413074,2.435270038522337,3.4570926410624594
34.10946948494212,42.989246743491094,12.229512002769921,4.162201704794791,1.7796715610058642,3.331974871654265,2.3708466116047653
33.91777411712013,41.93032453487651,12.04234529427845,2.934766851314146,1.1597525196870502,2.9708361068654057,2.5388500540996484
26.147559090104227,32.661723162056916,9.078098503394314,6.31222099141794,2.2448206619908433,2.535573462511466,3.4541184835029317
29.196258683823952,36.565091013134314,10.126558066989377,8.618391847250434,2.9336062991727987,2.3701357589338548,3.160209688529901
41.54376481122295,49.638901208345246,14.735343543642859,3.518981017204289,1.1734673911925897,2.2955457715290164,2.354075695019696
32.509304125164235,40.93676869354942,11.513243562388368,4.135086485087463,1.747952552055973,3.2775483756473927,2.505504764646929
28.672370475434896,35.72629426763302,10.108260486110913,2.85808706411389,1.1674921973820898,3.1188103819510795,2.925717479906045
40.307764667183584,50.62745047910488,14.357854425178745,5.487092518639547,2.2603699607679713,3.1573226195853326,2.0550071404003147
24.67676819561738,31.51345143859223,8.893932144508115,4.970763959440538,2.087779601672855,3.247371198835069,3.2662556734537955
41.8131584604737,50.233900447134964,14.538318994048245,4.121333841810242,1.3934491453373772,2.3454955052170465,2.3087618150551523
34.05823723576835,41.38696347012345,12.206182530211256,5.289295033573533,1.7948378622235577,2.358742888213035,2.796754292001548
35.58429320115509,43.64206250947276,12.504470013275336,2.3147880153431,0.8914602899108627,2.8594052512949104,2.4742341574651254
22.39294029728353,28.938215783243383,8.086268040819048,5.048315900438543,2.206063863194101,3.4373553210502106,3.4799451844382707
32.28248970824411,40.2030316110407,11.509942199789942,4.857472640419747,1.8754624765652246,2.8702748371530253,2.6821097834507883
44.681444540900905,53.3474448059465,15.952177979257913,4.501729654225883,1.47744587150062,2.2389656668344817,2.2094768821344695
35.95937685698874,45.63156267489128,12.519031737243145,7.2512431852537285,2.9338065014359955,3.0754621633223924,2.3027801781844226
28.644048736130316,36.2770298009913,9.904529396322742,7.175948203440773,2.709912959630512,2.776875285095943,3.0089031773376895
26.000934429515556,33.70376542648031,9.256356653801596,6.791519407334543,2.8781512828428513,3.2895498765425435,3.0389389283392467
30.367020230581744,38.613540383420954,10.73803821930126,6.81145157144736,2.7115909658531803,3.003201412261578,2.745762146012641
38.97180048164876,49.38088631188803,14.071264541611205,5.33161907119257,2.3169588522694347,3.410233304159071,2.045580589545255
36.37597868895019,45.32968746808489,13.045446934967282,4.13633229634529,1.666501692439149,3.056551111302454,2.3235127285965755
38.53329781691805,48.77178319359606,13.395414153427735,7.445180742024137,2.998710196695467,3.055198895983947,2.159889545461986
24.848865922578227,31.696591631835933,8.758365398422237,7.2749583820776955,2.71565759074197,2.7289803489397317,3.465761276331976
28.465143400208923,36.486790804335484,10.02197967868047,6.6299244286467856,2.7327342348629653,3.1599839720267244,2.8505243914800014
33.36266370448637,42.23061726192897,11.940527757940888,6.380759767621527,2.577261072270769,3.0678714012326602,2.490549742344858
26.981206733500553,34.19373510887713,9.301583004902481,6.900476256481787,2.5992352755850474,2.766258309256813,3.1967204732879515
35.08277621648055,42.05116895900465,12.328594582432434,4.655118531861585,1.5140888257805947,2.2074862586475583,2.816733646941274
32.26012825450671,40.36301149368586,11.47612303648599,4.064247634357903,1.6548278227947608,3.104107368696821,2.594259037413883
38.37957314125056,46.89651246326536,13.387269615961822,3.5200857424729812,1.2999931799789333,2.6852273291181423,2.356316196311491
28.622743226642402,36.199926305393234,10.127069412264383,5.353876332406294,2.162878761221152,3.068676638121521,2.9051728900720666
31.377377808523406,39.7071108714619,11.210560375774442,4.55097234325497,1.9419799272996798,3.322333744443373,2.5696786702688446
44.64111837711174,54.51760071185409,15.759873468509253,4.477058916381922,1.6364303613288858,2.6436221759140035,2.0384630987096535
29.84077683267553,37.454579373011526,10.652630286873288,5.505698247837821,2.1373912041455783,2.893683310744942,2.8702585538409986
25.022622791424865,32.40847460320417,8.62416966606808,7.081681146953247,2.9021521311008565,3.1335599990944427,3.2194786080741404
42.83512740493836,51.62199225045043,15.337950356013328,6.8345192218883195,2.2244443711401267,2.209831737471585,2.293666978525319
33.87017958627073,42.68548261059852,11.979063296927132,3.6176171382589173,1.573569911927196,3.4147668348471685,2.365223444864449
33.94163245230942,41.35345172480769,11.90943727475352,4.013627200603511,1.4267203843162304,2.5338095380366603,2.7288076387794886
26.923421378854396,33.51643125885133,9.589832974926656,3.818467442516238,1.484876938143208,2.900909659677831,3.204538846748995
29.76670999512846,36.600467240799716,10.330576521924785,4.784583055492497,1.7098080233557735,2.554411200953594,3.0742260113347903
37.246090435760046,46.198786223038326,13.33104705105642,2.9573114720656366,1.1991643649303794,3.0854532101544776,2.2717240243020207
30.96472786783147,37.894329533532016,10.761950064683896,6.0684335155362925,2.048086883183588,2.3389400000231673,3.0635693925836494
24.672352529024437,31.475553103105145,8.6474305583576,6.730305486005248,2.5731836095053477,2.8286093407359023,3.44439031285637
40.64178214131745,51.213089516726846,14.458034401568467,7.234815377680813,2.8930873528546455,3.023096788272229,2.065118799282229
24.984002751599142,31.50280826530962,8.853145271609305,3.033432886588915,1.3017754982876515,3.3494684023529304,3.2287832891401855
29.865098855154315,37.63931994104995,10.63689208975651,7.083653578711565,2.647694866306785,2.734337010748716,2.9164714832764873
36.22946805428026,44.76488771501869,12.605242967129476,7.1288586140054795,2.5171561335364965,2.507931726666827,2.530132068954077
26.927138009204242,33.869701925678754,9.300638624823241,6.045167898151578,2.268609778441235,2.7508597297433917,3.2339214777705174
29.710629916136085,37.12929317088827,10.336101505992621,5.521996419672041,2.0905386189860433,2.787297982358398,2.9357889870148597
26.11743199700462,32.86072237597228,9.210355791844783,2.9926448197005424,1.2768275601997066,3.3216362008061973,3.105310617416273
41.56254203926267,51.885486014657985,14.820186278488613,5.326820719877364,2.1356068793953176,3.034562950576246,2.0354578790695044
37.95500945399699,46.918332429414576,13.408721465778079,5.67546595885159,2.1078479374095807,2.708177794677169,2.3479206441739633
26.689149228137392,33.15340889798898,9.276145889920764,6.829668016715499,2.3293180189047065,2.3773716783237533,3.4816782803223307
31.182838852574797,39.49098642662273,11.28637218825334,5.6701894233066135,2.3233595329136136,3.1328770953556293,2.642299422388422
43.58974660105956,52.97589738648244,15.3940449094512,7.099038281704131,2.393545397683231,2.3353425441994164,2.1925914341811876
40.572622581163415,48.40555816225267,14.618443574610094,2.957796924201771,0.9884481491121473,2.3032451796856828,2.4112409998397086
40.023737921059166,48.73160928797483,14.113021846577661,3.573662194591862,1.2986440848993737,2.620383030750177,2.2878009870781146
41.77033831400987,51.216406212971435,15.076244652354811,2.454680362270807,0.9487476399028728,2.8747777281807516,2.1041357641191403
36.31705864136033,45.68660853916693,12.896884510585974,7.034460429754842,2.7361739926352087,2.902015488985864,2.3505681228656496
32.46680088946168,39.81835700766725,11.556407349176219,4.21615775060128,1.5326042087280356,2.6216338790499885,2.799436679827003
23.724163410551487,30.15410743367502,8.462370772699487,5.0271040317673465,2.0271235182140552,3.0603909468041923,3.4912090418317514
35.79582377885045,43.42885896082827,12.82583661102357,6.138433716272646,2.037052994931402,2.278185045381021,2.697808418425577
37.306894223353794,46.31238347369462,13.359358427597604,3.0552634978383866,1.2420541150499242,3.0970063580668654,2.2629544135364896
40.89652144047283,50.82944691436305,14.36545469139294,6.5101339423205715,2.4635593235695414,2.785482217135641,2.1450146744700795
26.62765043331677,34.3942993465047,9.305580788006937,6.780420524479144,2.839791202854796,3.2340849490266477,2.997367586730827
35.695791083012146,44.277557651187735,12.68266062308949,8.698669561659775,2.9834637047484254,2.398140817329543,2.598973873713962
28.729856630473847,36.428922617429045,10.304731015379817,4.587262100141511,1.946107549998493,3.2946432826893477,2.8099356954208394
39.131537691159075,48.617353202635684,14.213654349412202,2.6101390115098075,1.0809696639975166,3.1818515466458503,2.1336866481740246
28.77765633226191,35.264468454162326,10.112115164111096,3.8196507437615717,1.3788476538038545,2.594066862728927,3.173042131505579
37.451408040993584,47.3492554887825,13.33929077305919,4.6370757386042,2.0183649295672277,3.4180451699403815,2.131464120145758
33.77668722498226,42.03060681257226,11.936659751841127,5.611249216095927,2.121307533393358,2.7813633026562865,2.5954722756114252
24.846835864510073,32.010993582221296,8.7786457081467,7.769451672640287,2.9827476326112885,2.846052527777579,3.379087959821626
34.8714743205598,43.67837275247773,12.722409768649682,2.4302346267306296,1.0560060753480474,3.4097737790370912,2.3127657715360037
30.88514803320977,39.60061577759532,11.123752185945596,6.324944781467142,2.709724718236391,3.3413666165785907,2.57093494021487
28.858835708304625,35.12171777086505,10.189848424422342,2.7079113243933244,0.9780224227127549,2.596082880827453,3.185045654460592
37.18218647252745,46.33069971969571,13.530029164195437,3.835404686009574,1.5614193983831282,3.1034364155732,2.260286772479763
27.703781112510526,34.667789726372156,10.078198048621848,2.5868194748707145,1.0915542800320666,3.2692247327246693,2.961458116017998
25.386463474170842,32.01686771991778,9.022950824228893,5.574923402483697,2.1337564630521504,2.833180494464617,3.3841357857700913
38.6565823292454,47.768950662373314,13.535570549757795,4.3609102499324734,1.677058661099089,2.853335899402475,2.2622579408906187
38.50364609746852,45.84978871502897,13.465296764922556,2.574292185940215,0.8567861952888715,2.288624002201142,2.551301633437297
24.094988207536602,31.126216949203684,8.383578908454247,7.497883257035855,2.924808754537084,2.9143883966635222,3.4446726673837604
35.29873105483035,43.76524883419103,12.323368569446211,4.5895751752795695,1.7669257149924023,2.8579844216923176,2.4677241996278894
31.110213218059677,38.396363585772825,10.984742079990381,6.16960938209862,2.163093500775225,2.4808496372624798,2.9612394720353095
43.29657563569954,52.57304530645173,15.20476407566096,7.583396775703129,2.5176754893505677,2.279754515243869,2.2280372796929724
39.644771809060956,50.1710327518126,13.914990339630451,7.280698777497985,2.96409363557951,3.1035457975161194,2.0872456932582137
43.49671008245085,52.30268722544231,15.149392809424759,4.324891538068972,1.4672053246487105,2.357800421249158,2.213374053030794
31.695225035953996,38.546250939988454,11.362274915069127,5.783368916151029,1.9207286819295375,2.2809793375690814,3.0382420125411977
26.353143251630822,32.930870170016725,9.409865059126618,3.704907838803871,1.4737579657305457,2.9997852697003142,3.2209554042590285
32.013350909270976,39.234914894646984,11.547871819731217,2.895893630821227,1.087562828828439,2.753908399057483,2.7905621958674773
35.09543678421791,42.681143485692424,12.347853933594607,4.623209891760666,1.609070571930037,2.453009265366995,2.6746769732319837
25.006450185379677,32.112093208410606,8.656112492449742,6.055299866136857,2.492470766010948,3.1536986947298224,3.241306843350311
34.703489921773084,42.977404687440256,12.005809033263168,6.948907214207472,2.472637610868697,2.5377571713685447,2.6242309972696423
33.672134663324556,40.57081703529729,11.822677761205707,2.3585016855660883,0.8266657042165653,2.479762433622409,2.8029651971788874
22.745186611832935,29.7349267948653,7.989039586234025,6.938867325167649,2.911068617506274,3.2419982454478866,3.463810632365081
39.97608878596777,49.54605019971151,14.40558042304897,4.615616313910528,1.799630136031914,2.912347335665801,2.1646042980162554
41.14026999449084,50.45250064150473,14.548202040794537,2.9515909769340896,1.1301070623267655,2.834713478128312,2.1471238711763667
28.119340609426626,34.94902210569192,9.907622387437424,4.265278114282849,1.6269542273206925,2.8188235681793965,3.1060356160816993
29.969698710239136,38.39767387843664,10.812200575527612,6.615268320823198,2.762586315668516,3.220521506988174,2.68917015260898
28.081896601072515,35.10551131889857,9.814188746237972,6.384093815294534,2.313896353390393,2.610028964472417,3.1803550793829425
33.730566070725004,42.59012443184047,12.161131017331192,4.209945133940023,1.8152504221744152,3.3722905897760507,2.3820059330690766
26.547422833409446,33.97431800148398,9.504610813277294,5.112970342711344,2.200673300767856,3.3636530629184973,2.989030883308674
41.79059069892964,51.32342028620673,15.035178731937194,2.9251736003937974,1.1303718017974917,2.8739304285287655,2.099978060841035
34.400554517710006,42.11714126974077,11.856411848857961,7.095808713550048,2.375911453737901,2.3102296208595443,2.768332881219012
46.2608208195736,56.14678252532322,16.408775484459312,8.908228197722952,2.9043030762588566,2.215741017805354,2.106885091647888
36.23626095295423,44.282506406996355,12.95761629568669,4.356829577294012,1.569347105440869,2.585496255673952,2.529877112753096
31.587611448765873,38.221675815411686,10.993815779073103,3.410198578171671,1.1830405377349855,2.4407542382277083,2.9920559166056213
27.62266407564772,34.63947042198302,9.680105252212842,3.331145476393012,1.383102142315009,3.1936844608882566,2.9904540795520074
37.61463624732011,47.317624894241064,13.69622314079615,3.3040308112251253,1.4499785104503247,3.4582180452985396,2.123257501214641
30.62895000153875,37.56698810690788,10.691006506398201,3.382099609264224,1.2525119768302213,2.6965215315487647,2.9369953532813957
27.811138524078135,35.38843491713998,9.890764741997144,5.323240888517398,2.216589357790488,3.2070239148291244,2.9225194520583
38.254996475073156,48.69697351428982,13.599469662963656,5.825995989034387,2.557171221640064,3.4590354108726986,2.0629268351474543
24.147686316026316,30.634260486185212,8.60154854633874,5.252920599590282,2.081329848055942,2.9824460665272188,3.4699554940382757
26.33459689269652,32.74582244761562,9.334454241547173,2.6869791955169493,1.0818106420056401,3.0534221895309535,3.217654682135206
27.26202467991533,33.465492010081405,9.569261952473836,4.603610770239894,1.6187674524425293,2.4920002953970077,3.392125460489075
31.345771946971553,39.903683791802266,10.930005507807058,7.231783242984566,2.8747668430383566,2.9968214572428833,2.6591074845416784
42.528452243678814,52.28411582030234,15.029936378978164,7.897157991236082,2.7512347804603934,2.4567116368179187,2.1822520644513768
33.17811440913551,42.31181764062544,11.96087793930824,6.3983030431151295,2.6950139919995593,3.260731020659202,2.4288601838587405
26.665481385541742,33.43009003154858,9.290312153584114,6.934057212495194,2.4610922432418123,2.52791332622537,3.3783898004593316
24.847207630051848,31.924232924158225,8.823062920665691,6.102333526832301,2.5081843822993943,3.1470378803100973,3.2629978293350925
37.55660106808203,47.34912016189902,13.479011344900458,7.614497999146752,2.9662734269539186,2.90853499456602,2.2661431542045603
46.33045356819318,55.60172990458483,16.584665711601094,3.1637270388077683,1.0898033016000364,2.414259260448268,2.0647606036955177
28.613633052637773,35.25437464787039,10.186771085799949,5.460641190431215,1.9128759244940239,2.4775647762038737,3.2266779947854176
27.51784282692446,34.63784825094446,9.715177954167583,5.392115857943522,2.0987649190093007,2.9049083671394027,3.099202317149376
34.878034587104665,43.71657836255922,12.530679519000186,5.9084776218937405,2.3155476645101998,2.934528590716721,2.446322676978231
28.084873289089604,35.07943568870643,10.034411844756722,2.7774587833836137,1.1521575969000606,3.1894579981561053,2.954437030968872
45.85123135989084,56.135024000227,16.489736559111975,6.7695608773867395,2.398215773248611,2.52068252387811,2.0139974297406398
41.230364511034786,51.17196154798737,14.376213454282903,6.870163211941446,2.560156131138151,2.7219426106196747,2.148767149380824
29.003167505785296,36.74821244271578,10.172158882634637,5.236649825235945,2.155167990572394,3.152992684838577,2.8326274239534293
32.30368852968177,40.771507139152845,11.292405558546513,4.837048368579862,2.019298331090437,3.2189293198310165,2.5330768530286094
30.49382824193637,37.480314153431515,10.531628276665193,7.421823856709323,2.440614322008711,2.245904761422311,3.141486140042141
26.024191739760575,32.18013544633569,9.055362290264558,4.120799632833816,1.519249555943774,2.67832297669271,3.4371102201790706
32.22140740912776,41.421463668259825,11.390678724034087,6.986178846257724,2.9919355427799443,3.3396459903766607,2.4584063232353226
30.55041768408805,39.01120718775914,10.847380209747033,6.701974520337808,2.749630717023164,3.1386922196635583,2.6729159464318135
34.03952389661034,42.41644056793782,11.757164076599805,6.2315157743068745,2.330359922292975,2.736408393103211,2.587288547266744
30.17607085902196,37.84098435725451,10.403845535191447,6.936844344439241,2.5472341288095857,2.6621409135737646,2.9293840061897614
30.01624857938412,37.630138188613465,10.398070968842836,5.793118698206841,2.2131161569915005,2.825264756851961,2.8823034004225856
29.720118599534626,37.28512768798232,10.558033458773492,5.19416778202088,2.033452207715576,2.929929964347381,2.8699756811421966
27.171457818147314,34.146567076776634,9.844198598984184,3.318641516323183,1.3936055842820716,3.2464856995850004,3.0147019058395434
35.60088892215303,42.502887184772185,12.53965229039649,2.781719443420247,0.9288120443367542,2.300175762874631,2.7473835233951807
25.648596301151162,32.89228092861255,9.05562487992569,6.204106552943122,2.5349529222792944,3.1199852151631906,3.177345465667201
35.775473143988336,43.29800858013061,12.603294076044156,4.44538586274068,1.5220240579404856,2.3916882847181693,2.660298496933236
43.664002563647095,53.26260343559719,15.55499887731142,6.026162590935899,2.1160956469402254,2.4867955385245746,2.132900644519426
22.34790655255929,28.871982130473686,7.921671203657934,5.090934390781667,2.2136434389774218,3.413047330746625,3.4975212670894242
27.98681071934564,34.948707724694145,9.991219941520018,2.538631722413161,1.060339620031452,3.2213471035043018,2.954266047062349
27.077400767956536,33.836622758102614,9.550804515944924,5.554082527541683,2.0581189966998106,2.698982837512957,3.259703428453426
39.73541411045754,48.63076148927028,13.817384135818639,4.173680116268607,1.535924835232251,2.670906074147975,2.276714379700459
40.29051803563081,50.34821288414663,14.473052274540562,3.3111686963872513,1.4007557819401875,3.281206156778506,2.036287645837033
32.74564547681411,41.20277260752225,11.747075400505498,3.145415267272977,1.3704528695047022,3.4228830186499426,2.4480883603831596
24.602974539650692,30.934277642901293,8.919430790044359,2.850866323999001,1.2094231192618101,3.2945136368293513,3.309095375726903
32.8302813768902,40.34737523473567,11.482052723957896,2.861026350719687,1.0936559393150764,2.8278595337109618,2.687280330106839
28.05169665728089,34.98717089885104,10.01070275761944,4.58793995817558,1.7610715457533952,2.84539949806189,3.0919089604606476
29.626011286243447,36.5069070620467,10.232000369996907,6.232549093564095,2.142495328850811,2.40658061797016,3.148269348486665
26.138283884627203,33.69190531641726,9.01936609941579,7.213269293460224,2.904552166383608,3.0540417031472815,3.127062629043569
44.37347526802569,53.85635551252316,15.574226533681568,3.8375610411770547,1.375752504218993,2.5668431971011603,2.0855820817268813
27.490844595138583,33.63594755193281,9.800380774241606,3.9432119323979014,1.3982893974829884,2.524410059804358,3.3593818707815553
35.59771971421507,43.78375358143991,12.268293123001472,8.412194823043865,2.794162397357704,2.2814491644919612,2.67460976367581
31.800356087705573,39.22372032455164,11.437067994071892,4.184658672757009,1.564155317769454,2.7344242833809185,2.7986310234128258
41.036810744994845,51.77331623505506,14.588207554140649,7.235955487891999,2.919467755269811,3.062926592028266,2.0327350951632344
28.352667301262304,34.46058248368409,9.870313741086523,5.202050906707478,1.7213453019631553,2.267935243071831,3.4052336930496376
25.5817794532326,32.38493456697779,9.2537935867582,3.0979492069985364,1.3643661373773452,3.4756862176464205,3.096231447471095
37.46841105928939,46.55315344916769,13.566243686289043,4.645244893985737,1.8206514707143397,2.934929330943093,2.29714644913961
31.223898748784602,38.0970531779551,10.921768816963773,2.867743768703211,1.0510107267534534,2.6543582837128645,2.9127909090446997
39.101397052048576,48.3180457739851,13.768958236168366,7.529692312856628,2.6713553272505033,2.5262566597423874,2.3379753949268527
33.703124621716164,41.619521080583006,11.887719434134908,7.954822109870641,2.6923073253687573,2.349199533429983,2.7850863670615498
39.745556040088736,49.72994119539424,13.93901893791622,4.88431630450943,1.9957840781538214,3.1201856263986993,2.1015025428500023
